<?xml version="1.0" encoding="UTF-8" standalone="no"?>
<Maps>
    <Map Name="Airways" Priority="1" Type="System">
        <Line Name="L14">RIDAV/ADINO/RAKOD/ELVAR</Line>
        <Line Name="L15">DUFFY/PEPOD/VAKPO</Line>
        <Line Name="L212">OMERO/URLAM/ILAGA/EBLER/SINKA/ALRED/SEPTO/ONPAD/POBIN/BIBAS/KODIX</Line>
        <Line Name="L218">MODIT/RIBON</Line>
        <Line Name="L304">BODLO/AMATO/ALRED/GOPUN</Line>
        <Line Name="L329">SAULT/KEEKA</Line>
        <Line Name="L337">OSIDU/SEPTO/NOSOX/BODLO</Line>
        <Line Name="L347">VESDA/GHANN</Line>
        <Line Name="L375">JAINS/FLUPS/GALVN/DUNIG/MEGGG/BRKZZ/KOZIK/FIVZE</Line>
        <Line Name="L417">PETSO/BORDO</Line>
        <Line Name="L435">FIVZE/KOZIK/BRKZZ/MEGGG/DUNIG/GALVN/FLUPS/JAINS</Line>
        <Line Name="L450">LETON/IORIO/HELAX/COUKY/FOLLE/JEFFO/HAGIT/TAANA/SEKAR</Line>
        <Line Name="L451">JAINS/ILIDO/LETON/IORIO/JORGG/CERDA/DUNED/LERUG/MYSTR/ELMUC</Line>
        <Line Name="L452">OXANA/ZZTOP/OMALA/WILYY/KANUX/GALVN/KASAR/LNHOM/SLUKA/JORGG/CAROX/NELSR/HAGIT/RNTRY/MACKI/HARBG/MUNOZ</Line>
        <Line Name="L453">SAUCR/ONGOT/LSIER/ALOBI/BOREX/LAMER/RODRK/CERDA/DETRE/FARMN/JSTIN/ANTOX/KARRN/MACKI/ASIVO</Line>
        <Line Name="L454">OKONU/ATUGI/GOUGH/PERDO/SAVON/GRAMN/SEBIS/RABAL/LUCTI/SINGL/MNDEZ/ALERI/WOODZ/KNDLL/DONQU/PANMO</Line>
        <Line Name="L455">SAVIK/SKPPR/BEXUM/TASNI/DUNIG/DUPOX/VESRA/MCOOP/MACOR/KINCH/LENNT/JANMA</Line>
        <Line Name="L456">MARIG/DARUX/NOSID/EMAKO/MEGGG/VINSO/PRCHA/HANCY/THANK/FRATT</Line>
        <Line Name="L457">OKONU/SKPPR/NOSID/ENAPI/AWSOM/GUICE/BDA VOR</Line>
        <Line Name="L458">BDA VOR/GECAL/TALSU/CHEDR/THANK/PANMO</Line>
        <Line Name="L459">SAVIK/DARUX/DASER/AWSOM/BOBBO/QRTET/CATZZ/SHEIL/TALSU/NUBUS/KEEKA/ODUCA/CAFFE</Line>
        <Line Name="L461">MARIG/TILED/KINER/BOVIC/FLAMO/GUICE/LITTL/PIERC/ROOFE/SICKL/GECAL/BRKZZ/DUPAN/QNEPA/OPAUL/YIYYO</Line>
        <Line Name="L462">KAYYT/OVAPI/ANVER/KURTS/PIREX/KOZIK/TARMO/ZABOR/DAWIN</Line>
        <Line Name="L576">BDA VOR/SEAVR/+25.4818-061.3823/RKDIA</Line>
        <Line Name="L603">LISBO/PEPOD</Line>
        <Line Name="L643">ULBOD/DAJIM</Line>
        <Line Name="L657">SUSUB/TIGIP</Line>
        <Line Name="L721">IRKON/JIBNA</Line>
        <Line Name="L743">MIVIP/OVIXI</Line>
        <Line Name="L776">ZWEEK/FERNA/MACOR</Line>
        <Line Name="M146">IPSET/ROBOP</Line>
        <Line Name="M147">MAGEE/ROBOP</Line>
        <Line Name="M148">MAGEE/LIMKA</Line>
        <Line Name="M191">RIVRO/BARDI/RIDAV</Line>
        <Line Name="M201">VIRST/VEGAA/ATUGI/TILED/DRYED/NOVOK/CARAC</Line>
        <Line Name="M202">HOBEE/INDRO/BGDOG/LENDS/ADOOR/ETECK/CANIT/CARPX/UKOKA/OMALA/ONGOT/GOUGH/KINER/OVAPI/MUNEY/JEBBY/LOMPI</Line>
        <Line Name="M203">HOBEE/INDRO/BGDOG/LENDS/ADOOR/CASPR/SNAGY/LEXIM/WILYY/LSIER/PERDO/SELIM/+41.0004-058.4011/BOBTU</Line>
        <Line Name="M204">SUMRS/FLUPS/ALOBI/BEXUM/LUNKR/SOORY</Line>
        <Line Name="M218">ENAMO/MIRIX/BINSU</Line>
        <Line Name="M325">OXANA/NETSS/ONGOT/PERDO/ENAPI/AWSOM/GUICE/BDA VOR</Line>
        <Line Name="M326">JAINS/LEXIM/ALOBI/JIMAC/BOBBO/LITTL/BDA VOR</Line>
        <Line Name="M327">SUMRS/KANUX/SAVON/JIMAC/BOBBO/LITTL/BDA VOR/YEPSY/WINGZ</Line>
        <Line Name="M328">JERRE/RAJAY/BARTS/NATHY/BAAGR/SLEMA/ROTHM/CNNOR/ILIDO/GRAMN/TASNI/EMAKO/ANTIG/QRTET/PIERC/BDA VOR/NUMBR</Line>
        <Line Name="M330">ENAMO/ZWICK/KFFER/DONEZ/MUVOD/DIAZZ/KRTIS/WITOB/ALUTE/MLSAP/MILLE/RUDLI/DUNIG/SHEIL/SICKL/BDA VOR/BALOO</Line>
        <Line Name="M331">GHANN/FORST/ROSEA/PAARR/SMTTY/AVNEY/RENAH/CANEE/LFANO/MEGGG/GECAL/KURTS/TONEY/YEPSY/NUMBR</Line>
        <Line Name="M423">PLING/LENNT</Line>
        <Line Name="M525">PANMO/FRATT/CAFFE/YIYYO/SOCCO/ZABOR/KAVAX</Line>
        <Line Name="M590">ANVER/BDA VOR/TONEY/PIREX</Line>
        <Line Name="M591">BOVIC/BDA VOR/TONEY/PIREX</Line>
        <Line Name="M592">DASER/FLAMO/BDA VOR/TONEY/PIREX</Line>
        <Line Name="M593">GRATX/RUDLI/SEBIS/DUPOX/AMENO</Line>
        <Line Name="M595">ERRCA/WSSKY/LOGVN/STAAL/ISOLE/MUSSH/MILLE/LFANO/RABAL/VINSO/AYTTE</Line>
        <Line Name="M597">BETUM/PIXAR/BETIR/PUYYA/JANMA/THANK/KEEKA/QNEPA/TARMO/FIVZE</Line>
        <Line Name="M744">LASIB/ROSAL/SANTA</Line>
    </Map>
    <Map Name="Tango Routes" Priority="1" Type="System">
        <Line Name="T13">IDREL/RUPEP/MANOX/LUPOV/NILAV/OMOKO</Line>
        <Line Name="T16">OMOKO/GONAN/EKROL/NAVIX/IDREL</Line>
        <Line Name="T213">BERUX/TAMEL</Line>
        <Line Name="T290">ADVAT/GELPO</Line>
        <Line Name="T9">BEGAS/LASNO</Line>
    </Map>
    <Map Name="Concord Routes" Priority="1" Type="System">
        <Line Name="NATSM">SM15W/SM20W/SM30W/SM40W/SM50W/SM53W/SM60W/SM65W/SM67W</Line>
        <Line Name="NATSN">SN67W/SN65W/SN60W/SN52W/SN50W/SN40W/SN30W/SN20W/SN15W</Line>
        <Line Name="NATSO">SO15W/SO20W/SO30W/SO40W/SO50W/SO52W/SO60W</Line>
        <Line Name="NATSP">SP15W/SP20W/SP45N/SP30W/+38.9752778-035.21472222/SP40W</Line>
    </Map>
</Maps>
