<?xml version="1.0" encoding="UTF-8" standalone="no"?>
<Maps>
    <Map Name="Airways" Priority="1" Type="System">
         <Line Name="A315">ZBV VOR.A315.MEDON</Line>
        <Line Name="A319">BETUM.A319.BETIR</Line>
        <Line Name="A43">PRT VOR.A43.ADORO</Line>
        <Line Name="A44">BUSEN.A44.ROSAL</Line>
        <Line Name="A5">VFA VOR.A5.LOTEE</Line>
        <Line Name="A509">ELLEE.A509.URSUS</Line>
        <Line Name="A554">LAMER.A554.KODIX</Line>
        <Line Name="A555">ZBV VOR.A555.IDAHO</Line>
        <Line Name="A600">ERENA.A600.SOLNA</Line>
        <Line Name="A699">PBI VOR.A699.SUMRS</Line>
        <Line Name="A756">HCN VOR.A756.DUKKY</Line>
        <Line Name="A857">TERTO.A857.IBALU</Line>
        <Line Name="A975">ESP VOR.A975.ELVAR</Line>
        <Line Name="AR10">TURBO.AR10.YFY NDB</Line>
        <Line Name="AR11">VKZ VOR.AR11.VALLY</Line>
        <Line Name="AR12">DEDDY.AR12.JAINS</Line>
        <Line Name="AR15">BAHAA.AR15.ORL VOR</Line>
        <Line Name="AR16">PERMT.AR16.SEELO</Line>
        <Line Name="AR17">WAALT.AR17.YJI NDB</Line>
        <Line Name="AR18">WOLFO.AR18.FLRDA</Line>
        <Line Name="AR19">CHIEZ.AR19.MAJIK</Line>
        <Line Name="AR22">SKARP.AR22.HOAGG</Line>
        <Line Name="AR23">URSUS.AR23.OZENA</Line>
        <Line Name="AR24">URSUS.AR24.JAZZI</Line>
        <Line Name="AR28">YAY VOR.AR28.CA NDB</Line>
        <Line Name="AR29">YMH NDB.AR29.YR NDB</Line>
        <Line Name="AR3">ZQA VOR.AR3.GARIC</Line>
        <Line Name="AR38">YR NDB.AR38.CA NDB</Line>
        <Line Name="AR43">AMILI.AR43.YAS NDB</Line>
        <Line Name="AR5">KOOKK.AR5.TROUT</Line>
        <Line Name="AR6">ORL VOR.AR6.HOBEE</Line>
        <Line Name="AR8">ECG VOR.AR8.OXANA</Line>
        <Line Name="AR9">ORF VOR.AR9.ZIBUT</Line>
        <Line Name="B18">BIMBO.B18.ESP VOR</Line>
        <Line Name="B24">WEBBB.B24.SIE VOR</Line>
        <Line Name="B47">DIRMA.B47.VIS VOR</Line>
        <Line Name="B503">ENAMO.B503.ZQA VOR</Line>
        <Line Name="B60">LIS VOR.B60.PORTA</Line>
        <Line Name="B600">PE VOR.B600.TUSUR</Line>
        <Line Name="B760">BORDO.B760.ZBV VOR</Line>
        <Line Name="B891">POBIN.B891.WATRS</Line>
        <Line Name="BR10L">ZFP VOR.BR10L.BNTTZ</Line>
        <Line Name="BR1L">JOLTS.BR1L.GTK VOR</Line>
        <Line Name="BR21V">PBI VOR.BR21V.ZFP VOR</Line>
        <Line Name="BR22V">FLL VOR.BR22V.ZQA VOR</Line>
        <Line Name="BR2L">ZSJ NDB.BR2L.JUELE</Line>
        <Line Name="BR49V">LUVLY.BR49V.ZQA VOR</Line>
        <Line Name="BR53V">VKZ VOR.BR53V.BNTTZ</Line>
        <Line Name="BR54V">PBI VOR.BR54V.ZQA VOR</Line>
        <Line Name="BR55V">PBI VOR.BR55V.BRRGO</Line>
        <Line Name="BR57V">FLL VOR.BR57V.ZQA VOR</Line>
        <Line Name="BR58V">ANGLL.BR58V.ZQA VOR</Line>
        <Line Name="BR62V">TRV VOR.BR62V.ZFP VOR</Line>
        <Line Name="BR63V">PBI VOR.BR63V.ZQA VOR</Line>
        <Line Name="BR64V">VKZ VOR.BR64V.ZFP VOR</Line>
        <Line Name="BR65V">ZQA VOR.BR65V.ADOOR</Line>
        <Line Name="BR66V">VKZ VOR.BR66V.ZFP VOR</Line>
        <Line Name="BR68V">FLL VOR.BR68V.ZFP VOR</Line>
        <Line Name="BR69V">PBI VOR.BR69V.ZBV VOR</Line>
        <Line Name="BR70V">FLL VOR.BR70V.ZQA VOR</Line>
        <Line Name="BR71V">ZFP VOR.BR71V.WLKER</Line>
        <Line Name="BR9L">GTK VOR.BR9L.KNSLY</Line>
        <Line Name="G11">MY.G11.MY NDB</Line>
        <Line Name="G3">KFV VOR.G3.CONNY</Line>
        <Line Name="G41">FTM VOR.G41.CANAR</Line>
        <Line Name="G414">DIRMA.G414.MALIS</Line>
        <Line Name="G431">LETON.G431.ELMUC</Line>
        <Line Name="G437">MAPYL.G437.ULATU</Line>
        <Line Name="G444">GTK VOR.G444.SEPTO</Line>
        <Line Name="G5">KORAL.G5.SONSO</Line>
        <Line Name="G504">LETON.G504.ALBBE</Line>
        <Line Name="G52">BEXAL.G52.RIVRO</Line>
        <Line Name="G629">KNSLY.G629.OVALU</Line>
        <Line Name="G648">GTK VOR.G648.MICAS</Line>
        <Line Name="G851">SNT VOR.G851.ZRT VOR</Line>
        <Line Name="H100">VSM VOR.H100.VMG VOR</Line>
        <Line Name="H101">VFL VOR.H101.VSM VOR</Line>
        <Line Name="H102">VSM VOR.H102.BEKUN</Line>
        <Line Name="H103">VSM VOR.H103.DOKAS</Line>
        <Line Name="H104">VSM VOR.H104.ETROX</Line>
        <Line Name="H105">GINSU.H105.VSM VOR</Line>
        <Line Name="H106">GOMOS.H106.VSM VOR</Line>
        <Line Name="H111">VMG VOR.H111.BEKUN</Line>
        <Line Name="H112">VMG VOR.H112.BAVAS</Line>
        <Line Name="H113">LM VOR.H113.VMG VOR</Line>
        <Line Name="H114">VFL VOR.H114.VMG VOR</Line>
        <Line Name="H115">FRS VOR.H115.VMG VOR</Line>
        <Line Name="H121">LM VOR.H121.BAVAS</Line>
        <Line Name="H122">LM VOR.H122.ANAVA</Line>
        <Line Name="H123">VFL VOR.H123.LM VOR</Line>
        <Line Name="H124">FRS VOR.H124.LM VOR</Line>
        <Line Name="H125">LUKAL.H125.LM VOR</Line>
        <Line Name="H131">INBOX.H131.VFL VOR</Line>
        <Line Name="H132">FRS VOR.H132.VFL VOR</Line>
        <Line Name="H141">KOLIT.H141.FRS VOR</Line>
        <Line Name="H142">KOKER.H142.FRS VOR</Line>
        <Line Name="H151">GC NDB.H151.LM VOR</Line>
        <Line Name="H152">VFL VOR.H152.GC NDB</Line>
        <Line Name="H153">VFL VOR.H153.LM VOR</Line>
        <Line Name="H226">BOTES.H226.GOPUN</Line>
        <Line Name="H227">ALBBE.H227.HCN VOR</Line>
        <Line Name="J106">LGA VOR.J106.HARTY</Line>
        <Line Name="J48">BYRDD.J48.LANNA</Line>
        <Line Name="J49">SQUAM.J49.BGR VOR</Line>
        <Line Name="J6">TOWIN.J6.ACOVE</Line>
        <Line Name="J60">NEWEL.J60.SAX VOR</Line>
        <Line Name="J70">JFK VOR.J70.HARTY</Line>
        <Line Name="J95">DPK VOR.J95.MSLIN</Line>
        <Line Name="L10">BELZU.L10.RINGA</Line>
        <Line Name="L14">RIDAV.L14.ELVAR</Line>
        <Line Name="L149">DUB VOR.L149.OLAPO</Line>
        <Line Name="L15">DUFFY.L15.VAKPO</Line>
        <Line Name="L18">SUROX.L18.DUB VOR</Line>
        <Line Name="L185">PORTA.L185.ROLDO</Line>
        <Line Name="L212">OMERO.L212.KODIX</Line>
        <Line Name="L216">LERED.L216.GTK VOR</Line>
        <Line Name="L218">MODIT.L218.RIBON</Line>
        <Line Name="L304">BODLO.L304.GOPUN</Line>
        <Line Name="L329">SAULT.L329.KEEKA</Line>
        <Line Name="L337">OSIDU.L337.BODLO</Line>
        <Line Name="L343">KERSO.L343.MALVN</Line>
        <Line Name="L347">VESDA.L347.GHANN</Line>
        <Line Name="L375">JAINS.L375.FIVZE</Line>
        <Line Name="L417">PETSO.L417.BORDO</Line>
        <Line Name="L435">FIVZE.L435.JAINS</Line>
        <Line Name="L450">LETON.L450.SEKAR</Line>
        <Line Name="L451">JAINS.L451.ELMUC</Line>
        <Line Name="L452">OXANA.L452.MUNOZ</Line>
        <Line Name="L453">SAUCR.L453.ASIVO</Line>
        <Line Name="L454">OKONU.L454.PANMO</Line>
        <Line Name="L455">SAVIK.L455.JANMA</Line>
        <Line Name="L456">MARIG.L456.FRATT</Line>
        <Line Name="L457">OKONU.L457.BDA VOR</Line>
        <Line Name="L458">BDA VOR.L458.PANMO</Line>
        <Line Name="L459">SAVIK.L459.CAFFE</Line>
        <Line Name="L461">MARIG.L461.YIYYO</Line>
        <Line Name="L462">KAYYT.L462.DAWIN</Line>
        <Line Name="L463">NUCAR.L463.JUELE</Line>
        <Line Name="L464">LAMER.L464.PTA VOR</Line>
        <Line Name="L576">BDA VOR.L576.RKDIA</Line>
        <Line Name="L603">LISBO.L603.PEPOD</Line>
        <Line Name="L608">ERDIK.L608.YFY NDB</Line>
        <Line Name="L634">NOROL.L634.IKBIB</Line>
        <Line Name="L643">ULBOD.L643.DAJIM</Line>
        <Line Name="L657">SUSUB.L657.TIGIP</Line>
        <Line Name="L660">MAURI.L660.SOLNA</Line>
        <Line Name="L688">ERDIK.L688.YAS NDB</Line>
        <Line Name="L721">IRKON.L721.JIBNA</Line>
        <Line Name="L743">MIVIP.L743.OVIXI</Line>
        <Line Name="L776">ZWEEK.L776.MACOR</Line>
        <Line Name="L975">SHA VOR.L975.DUB VOR</Line>
        <Line Name="M145">SHA VOR.M145.DUB VOR</Line>
        <Line Name="M146">IPSET.M146.ROBOP</Line>
        <Line Name="M147">MAGEE.M147.ROBOP</Line>
        <Line Name="M148">MAGEE.M148.LIMKA</Line>
        <Line Name="M17">KLY NDB.M17.DUB VOR</Line>
        <Line Name="M190">STG VOR.M190.AMAKA</Line>
        <Line Name="M191">RIVRO.M191.RIDAV</Line>
        <Line Name="M201">VIRST.M201.CARAC</Line>
        <Line Name="M202">HOBEE.M202.LOMPI</Line>
        <Line Name="M203">HOBEE.M203.BOBTU</Line>
        <Line Name="M204">SUMRS.M204.SOORY</Line>
        <Line Name="M218">ENAMO.M218.BINSU</Line>
        <Line Name="M30">OXACA.M30.LOTEE</Line>
        <Line Name="M325">OXANA.M325.BDA VOR</Line>
        <Line Name="M326">JAINS.M326.BDA VOR</Line>
        <Line Name="M327">SUMRS.M327.WINGZ</Line>
        <Line Name="M328">JERRE.M328.NUMBR</Line>
        <Line Name="M329">DYNAH.M329.LAZEY</Line>
        <Line Name="M330">ENAMO.M330.BALOO</Line>
        <Line Name="M331">GHANN.M331.NUMBR</Line>
        <Line Name="M348">COTIL.M348.KATOK</Line>
        <Line Name="M423">PLING.M423.LENNT</Line>
        <Line Name="M525">PANMO.M525.KAVAX</Line>
        <Line Name="M590">ANVER.M590.PIREX</Line>
        <Line Name="M591">BOVIC.M591.PIREX</Line>
        <Line Name="M592">DASER.M592.PIREX</Line>
        <Line Name="M593">GRATX.M593.AMENO</Line>
        <Line Name="M594">RIBON.M594.AMENO</Line>
        <Line Name="M595">ERRCA.M595.AYTTE</Line>
        <Line Name="M596">POBIN.M596.SIFEN</Line>
        <Line Name="M597">BETUM.M597.FIVZE</Line>
        <Line Name="M660">DKH VOR.M660.GDV VOR</Line>
        <Line Name="M744">LASIB.M744.SANTA</Line>
        <Line Name="N1004">KETLA.N1004.H6163</Line>
        <Line Name="N1006">KETLA.N1006.JELCO</Line>
        <Line Name="N1008">KETLA.N1008.FEDDY</Line>
        <Line Name="N1014">EMBOK.N1014.FEDDY</Line>
        <Line Name="N1016">EMBOK.N1016.TEFFO</Line>
        <Line Name="N101A">VITOL.N101A.RELIC</Line>
        <Line Name="N1022">CLAVY.N1022.TEFFO</Line>
        <Line Name="N1024">CLAVY.N1024.MUSVA</Line>
        <Line Name="N1028">AVPUT.N1028.DUTUM</Line>
        <Line Name="N103A">VITOL.N103A.RELIC</Line>
        <Line Name="N105D">WHALE.N105D.RELIC</Line>
        <Line Name="N106B">SUPRY.N106B.VITOL</Line>
        <Line Name="N107D">WHALE.N107D.RELIC</Line>
        <Line Name="N108B">SUPRY.N108B.VITOL</Line>
        <Line Name="N109D">KANNI.N109D.RELIC</Line>
        <Line Name="N110B">SUPRY.N110B.WHALE</Line>
        <Line Name="N111D">BRADD.N111D.RELIC</Line>
        <Line Name="N112E">SUPRY.N112E.WHALE</Line>
        <Line Name="N113D">BRADD.N113D.RELIC</Line>
        <Line Name="N114G">SUPRY.N114G.KANNI</Line>
        <Line Name="N115D">TUSKY.N115D.RELIC</Line>
        <Line Name="N116B">SUPRY.N116B.KANNI</Line>
        <Line Name="N117B">TUSKY.N117B.RELIC</Line>
        <Line Name="N118B">SUPRY.N118B.BRADD</Line>
        <Line Name="N119A">ALLEX.N119A.RELIC</Line>
        <Line Name="N11A">SIE VOR.N11A.JOBOC</Line>
        <Line Name="N120B">SUPRY.N120B.BRADD</Line>
        <Line Name="N121A">MIILS.N121A.RELIC</Line>
        <Line Name="N122A">SUPRY.N122A.TUSKY</Line>
        <Line Name="N123A">MIILS.N123A.RELIC</Line>
        <Line Name="N124A">SUPRY.N124A.TUSKY</Line>
        <Line Name="N125A">EBONY.N125A.RELIC</Line>
        <Line Name="N126A">SUPRY.N126A.MIILS</Line>
        <Line Name="N127A">TOPPS.N127A.RELIC</Line>
        <Line Name="N129A">DANOL.N129A.RELIC</Line>
        <Line Name="N12E">JOBOC.N12E.BERGH</Line>
        <Line Name="N131A">VITOL.N131A.PORTI</Line>
        <Line Name="N133A">VITOL.N133A.PORTI</Line>
        <Line Name="N135A">WHALE.N135A.PORTI</Line>
        <Line Name="N136A">RELIC.N136A.VITOL</Line>
        <Line Name="N137A">WHALE.N137A.PORTI</Line>
        <Line Name="N138A">RELIC.N138A.VITOL</Line>
        <Line Name="N139A">KANNI.N139A.PORTI</Line>
        <Line Name="N140A">RELIC.N140A.WHALE</Line>
        <Line Name="N141D">BRADD.N141D.PORTI</Line>
        <Line Name="N142E">RELIC.N142E.WHALE</Line>
        <Line Name="N143B">BRADD.N143B.PORTI</Line>
        <Line Name="N144E">RELIC.N144E.WHALE</Line>
        <Line Name="N145B">TUSKY.N145B.PORTI</Line>
        <Line Name="N146E">RELIC.N146E.KANNI</Line>
        <Line Name="N147B">TUSKY.N147B.PORTI</Line>
        <Line Name="N148E">RELIC.N148E.KANNI</Line>
        <Line Name="N149D">ALLEX.N149D.PORTI</Line>
        <Line Name="N14C">JOBOC.N14C.SAILE</Line>
        <Line Name="N150C">RELIC.N150C.KANNI</Line>
        <Line Name="N151G">MIILS.N151G.PORTI</Line>
        <Line Name="N152B">RELIC.N152B.BRADD</Line>
        <Line Name="N153E">MIILS.N153E.PORTI</Line>
        <Line Name="N154B">RELIC.N154B.BRADD</Line>
        <Line Name="N155A">MIILS.N155A.PORTI</Line>
        <Line Name="N156A">RELIC.N156A.TUSKY</Line>
        <Line Name="N157A">KANNI.N157A.PORTI</Line>
        <Line Name="N158A">RELIC.N158A.TUSKY</Line>
        <Line Name="N159A">TUSKY.N159A.PORTI</Line>
        <Line Name="N15B">MANTA.N15B.JOBOC</Line>
        <Line Name="N160">BOGMI.N160.LEDGO</Line>
        <Line Name="N160A">RELIC.N160A.ALLEX</Line>
        <Line Name="N161A">VITOL.N161A.OMSAT</Line>
        <Line Name="N162A">RELIC.N162A.EBONY</Line>
        <Line Name="N163A">VITOL.N163A.OMSAT</Line>
        <Line Name="N164A">RELIC.N164A.TOPPS</Line>
        <Line Name="N165A">WHALE.N165A.OMSAT</Line>
        <Line Name="N166B">RELIC.N166B.MIILS</Line>
        <Line Name="N167A">WHALE.N167A.OMSAT</Line>
        <Line Name="N169A">KANNI.N169A.OMSAT</Line>
        <Line Name="N171D">BRADD.N171D.OMSAT</Line>
        <Line Name="N173D">BRADD.N173D.OMSAT</Line>
        <Line Name="N174C">PORTI.N174C.VITOL</Line>
        <Line Name="N175E">TUSKY.N175E.OMSAT</Line>
        <Line Name="N176C">PORTI.N176C.VITOL</Line>
        <Line Name="N177E">TUSKY.N177E.OMSAT</Line>
        <Line Name="N178A">PORTI.N178A.WHALE</Line>
        <Line Name="N179E">ALLEX.N179E.OMSAT</Line>
        <Line Name="N180B">PORTI.N180B.WHALE</Line>
        <Line Name="N181G">MIILS.N181G.OMSAT</Line>
        <Line Name="N182B">PORTI.N182B.KANNI</Line>
        <Line Name="N183A">MIILS.N183A.OMSAT</Line>
        <Line Name="N184A">PORTI.N184A.KANNI</Line>
        <Line Name="N186A">PORTI.N186A.BRADD</Line>
        <Line Name="N187A">KANNI.N187A.OMSAT</Line>
        <Line Name="N188A">PORTI.N188A.BRADD</Line>
        <Line Name="N189A">VITOL.N189A.NICSO</Line>
        <Line Name="N190A">PORTI.N190A.TUSKY</Line>
        <Line Name="N191A">VITOL.N191A.NICSO</Line>
        <Line Name="N192A">PORTI.N192A.TUSKY</Line>
        <Line Name="N193A">WHALE.N193A.NICSO</Line>
        <Line Name="N194A">PORTI.N194A.ALLEX</Line>
        <Line Name="N195A">KANNI.N195A.NICSO</Line>
        <Line Name="N196B">PORTI.N196B.EBONY</Line>
        <Line Name="N197A">BRADD.N197A.NICSO</Line>
        <Line Name="N198B">PORTI.N198B.TOPPS</Line>
        <Line Name="N199A">BRADD.N199A.NICSO</Line>
        <Line Name="N200E">PORTI.N200E.HULTN</Line>
        <Line Name="N201B">TUSKY.N201B.NICSO</Line>
        <Line Name="N202E">PORTI.N202E.MIILS</Line>
        <Line Name="N203B">TUSKY.N203B.NICSO</Line>
        <Line Name="N205B">ALLEX.N205B.NICSO</Line>
        <Line Name="N207B">MIILS.N207B.NICSO</Line>
        <Line Name="N209D">MIILS.N209D.NICSO</Line>
        <Line Name="N20B">DOVEY.N20B.SAILE</Line>
        <Line Name="N210B">OMSAT.N210B.VITOL</Line>
        <Line Name="N211E">MIILS.N211E.NICSO</Line>
        <Line Name="N212B">OMSAT.N212B.VITOL</Line>
        <Line Name="N214A">OMSAT.N214A.WHALE</Line>
        <Line Name="N215A">WHALE.N215A.NICSO</Line>
        <Line Name="N216A">OMSAT.N216A.WHALE</Line>
        <Line Name="N217A">WHALE.N217A.NICSO</Line>
        <Line Name="N218A">OMSAT.N218A.KANNI</Line>
        <Line Name="N219A">VITOL.N219A.MUSAK</Line>
        <Line Name="N21A">VITOL.N21A.CARAC</Line>
        <Line Name="N220A">OMSAT.N220A.KANNI</Line>
        <Line Name="N221A">VITOL.N221A.MUSAK</Line>
        <Line Name="N222A">OMSAT.N222A.BRADD</Line>
        <Line Name="N223A">WHALE.N223A.MUSAK</Line>
        <Line Name="N224A">OMSAT.N224A.BRADD</Line>
        <Line Name="N225A">KANNI.N225A.MUSAK</Line>
        <Line Name="N226B">OMSAT.N226B.TUSKY</Line>
        <Line Name="N227A">BRADD.N227A.MUSAK</Line>
        <Line Name="N228B">OMSAT.N228B.TUSKY</Line>
        <Line Name="N229A">BRADD.N229A.MUSAK</Line>
        <Line Name="N230B">OMSAT.N230B.ALLEX</Line>
        <Line Name="N231A">TUSKY.N231A.MUSAK</Line>
        <Line Name="N232B">OMSAT.N232B.EBONY</Line>
        <Line Name="N233A">ALLEX.N233A.MUSAK</Line>
        <Line Name="N234B">OMSAT.N234B.TOPPS</Line>
        <Line Name="N235A">MIILS.N235A.MUSAK</Line>
        <Line Name="N236B">OMSAT.N236B.HULTN</Line>
        <Line Name="N237A">MIILS.N237A.MUSAK</Line>
        <Line Name="N238B">OMSAT.N238B.MIILS</Line>
        <Line Name="N23A">WHALE.N23A.CARAC</Line>
        <Line Name="N241A">WHALE.N241A.MUSAK</Line>
        <Line Name="N243A">WHALE.N243A.MUSAK</Line>
        <Line Name="N245A">KANNI.N245A.MUSAK</Line>
        <Line Name="N246A">NICSO.N246A.VITOL</Line>
        <Line Name="N247A">VITOL.N247A.JOOPY</Line>
        <Line Name="N248A">NICSO.N248A.WHALE</Line>
        <Line Name="N249A">VITOL.N249A.JOOPY</Line>
        <Line Name="N250A">NICSO.N250A.BRADD</Line>
        <Line Name="N251A">WHALE.N251A.JOOPY</Line>
        <Line Name="N252A">NICSO.N252A.TUSKY</Line>
        <Line Name="N253A">KANNI.N253A.JOOPY</Line>
        <Line Name="N254A">NICSO.N254A.KANNI</Line>
        <Line Name="N255A">BRADD.N255A.JOOPY</Line>
        <Line Name="N256B">NICSO.N256B.BRADD</Line>
        <Line Name="N257A">BRADD.N257A.JOOPY</Line>
        <Line Name="N258B">NICSO.N258B.TUSKY</Line>
        <Line Name="N259A">KANNI.N259A.JOOPY</Line>
        <Line Name="N25A">ALLEX.N25A.CARAC</Line>
        <Line Name="N260B">NICSO.N260B.ALLEX</Line>
        <Line Name="N261A">TUSKY.N261A.JOOPY</Line>
        <Line Name="N262B">NICSO.N262B.EBONY</Line>
        <Line Name="N263A">ALLEX.N263A.JOOPY</Line>
        <Line Name="N264B">NICSO.N264B.TOPPS</Line>
        <Line Name="N265A">MIILS.N265A.JOOPY</Line>
        <Line Name="N266A">NICSO.N266A.HULTN</Line>
        <Line Name="N267A">MIILS.N267A.JOOPY</Line>
        <Line Name="N268A">NICSO.N268A.MIILS</Line>
        <Line Name="N269A">MIILS.N269A.JOOPY</Line>
        <Line Name="N26B">CARAC.N26B.VITOL</Line>
        <Line Name="N273A">WHALE.N273A.JOOPY</Line>
        <Line Name="N275A">KANNI.N275A.JOOPY</Line>
        <Line Name="N277A">EBONY.N277A.JOOPY</Line>
        <Line Name="N278C">MUSAK.N278C.VITOL</Line>
        <Line Name="N279A">WHALE.N279A.IBERG</Line>
        <Line Name="N27A">KANNI.N27A.CARAC</Line>
        <Line Name="N280B">MUSAK.N280B.VITOL</Line>
        <Line Name="N281A">WHALE.N281A.IBERG</Line>
        <Line Name="N282A">MUSAK.N282A.WHALE</Line>
        <Line Name="N283A">WHALE.N283A.IBERG</Line>
        <Line Name="N284A">MUSAK.N284A.WHALE</Line>
        <Line Name="N285A">BRADD.N285A.IBERG</Line>
        <Line Name="N286A">MUSAK.N286A.KANNI</Line>
        <Line Name="N287A">KANNI.N287A.IBERG</Line>
        <Line Name="N288A">MUSAK.N288A.KANNI</Line>
        <Line Name="N289A">KANNI.N289A.IBERG</Line>
        <Line Name="N28B">CARAC.N28B.WHALE</Line>
        <Line Name="N291A">TUSKY.N291A.IBERG</Line>
        <Line Name="N292A">MUSAK.N292A.BRADD</Line>
        <Line Name="N293A">ALLEX.N293A.IBERG</Line>
        <Line Name="N294A">MUSAK.N294A.BRADD</Line>
        <Line Name="N295A">EBONY.N295A.IBERG</Line>
        <Line Name="N296B">MUSAK.N296B.TUSKY</Line>
        <Line Name="N297A">TOPPS.N297A.IBERG</Line>
        <Line Name="N298B">MUSAK.N298B.ALLEX</Line>
        <Line Name="N299A">MIILS.N299A.IBERG</Line>
        <Line Name="N29A">KANNI.N29A.CARAC</Line>
        <Line Name="N301B">MIILS.N301B.IBERG</Line>
        <Line Name="N302G">MUSAK.N302G.EBONY</Line>
        <Line Name="N304C">MUSAK.N304C.TOPPS</Line>
        <Line Name="N305A">DANOL.N305A.IBERG</Line>
        <Line Name="N306A">MUSAK.N306A.HULTN</Line>
        <Line Name="N308A">MUSAK.N308A.MIILS</Line>
        <Line Name="N309A">WHALE.N309A.ELSIR</Line>
        <Line Name="N30B">CARAC.N30B.KANNI</Line>
        <Line Name="N311A">WHALE.N311A.ELSIR</Line>
        <Line Name="N313A">WHALE.N313A.ELSIR</Line>
        <Line Name="N315A">KANNI.N315A.ELSIR</Line>
        <Line Name="N317A">KANNI.N317A.ELSIR</Line>
        <Line Name="N318B">JOOPY.N318B.VITOL</Line>
        <Line Name="N319A">BRADD.N319A.ELSIR</Line>
        <Line Name="N31F">VITOL.N31F.JAROM</Line>
        <Line Name="N321A">TUSKY.N321A.ELSIR</Line>
        <Line Name="N322B">JOOPY.N322B.WHALE</Line>
        <Line Name="N323A">ALLEX.N323A.ELSIR</Line>
        <Line Name="N324B">JOOPY.N324B.KANNI</Line>
        <Line Name="N325A">EBONY.N325A.ELSIR</Line>
        <Line Name="N326A">JOOPY.N326A.BRADD</Line>
        <Line Name="N327B">TOPPS.N327B.ELSIR</Line>
        <Line Name="N328A">JOOPY.N328A.TUSKY</Line>
        <Line Name="N329B">MIILS.N329B.ELSIR</Line>
        <Line Name="N32B">CARAC.N32B.BRADD</Line>
        <Line Name="N331B">LOPRO.N331B.ELSIR</Line>
        <Line Name="N332A">JOOPY.N332A.ALLEX</Line>
        <Line Name="N334A">JOOPY.N334A.EBONY</Line>
        <Line Name="N336B">JOOPY.N336B.TOPPS</Line>
        <Line Name="N338B">JOOPY.N338B.HULTN</Line>
        <Line Name="N339A">WHALE.N339A.BUDAR</Line>
        <Line Name="N33D">WHALE.N33D.JAROM</Line>
        <Line Name="N34">BUNED.N34.BELZU</Line>
        <Line Name="N341A">WHALE.N341A.BUDAR</Line>
        <Line Name="N342B">JOOPY.N342B.MIILS</Line>
        <Line Name="N343A">WHALE.N343A.BUDAR</Line>
        <Line Name="N345A">KANNI.N345A.BUDAR</Line>
        <Line Name="N347A">KANNI.N347A.BUDAR</Line>
        <Line Name="N349A">BRADD.N349A.BUDAR</Line>
        <Line Name="N34C">CARAC.N34C.TUSKY</Line>
        <Line Name="N351B">TUSKY.N351B.BUDAR</Line>
        <Line Name="N353B">ALLEX.N353B.BUDAR</Line>
        <Line Name="N354A">IBERG.N354A.VITOL</Line>
        <Line Name="N355B">EBONY.N355B.BUDAR</Line>
        <Line Name="N356G">IBERG.N356G.WHALE</Line>
        <Line Name="N357B">TOPPS.N357B.BUDAR</Line>
        <Line Name="N358B">IBERG.N358B.KANNI</Line>
        <Line Name="N359B">MIILS.N359B.BUDAR</Line>
        <Line Name="N35B">WHALE.N35B.JAROM</Line>
        <Line Name="N361B">MIILS.N361B.BUDAR</Line>
        <Line Name="N362B">IBERG.N362B.BRADD</Line>
        <Line Name="N364A">IBERG.N364A.TUSKY</Line>
        <Line Name="N366A">IBERG.N366A.ALLEX</Line>
        <Line Name="N368A">IBERG.N368A.EBONY</Line>
        <Line Name="N36A">CARAC.N36A.TOPPS</Line>
        <Line Name="N371A">DANOL.N371A.BUDAR</Line>
        <Line Name="N372A">IBERG.N372A.TOPPS</Line>
        <Line Name="N373A">KANNI.N373A.H5052</Line>
        <Line Name="N374A">IBERG.N374A.HULTN</Line>
        <Line Name="N375A">BRADD.N375A.H5052</Line>
        <Line Name="N376B">IBERG.N376B.MIILS</Line>
        <Line Name="N377A">TUSKY.N377A.H5052</Line>
        <Line Name="N379A">ALLEX.N379A.H5052</Line>
        <Line Name="N37C">EBONY.N37C.JAROM</Line>
        <Line Name="N381B">EBONY.N381B.H5052</Line>
        <Line Name="N383B">TOPPS.N383B.H5052</Line>
        <Line Name="N385B">MIILS.N385B.H5052</Line>
        <Line Name="N388A">ELSIR.N388A.VITOL</Line>
        <Line Name="N38A">CARAC.N38A.MIILS</Line>
        <Line Name="N392A">ELSIR.N392A.WHALE</Line>
        <Line Name="N394A">ELSIR.N394A.KANNI</Line>
        <Line Name="N395A">DANOL.N395A.H5052</Line>
        <Line Name="N396B">ELSIR.N396B.BRADD</Line>
        <Line Name="N398B">ELSIR.N398B.TUSKY</Line>
        <Line Name="N39A">KANNI.N39A.JAROM</Line>
        <Line Name="N3A">SIE VOR.N3A.SLATN</Line>
        <Line Name="N402C">ELSIR.N402C.ALLEX</Line>
        <Line Name="N403A">KANNI.N403A.UMESI</Line>
        <Line Name="N404E">ELSIR.N404E.EBONY</Line>
        <Line Name="N405A">BRADD.N405A.UMESI</Line>
        <Line Name="N406A">ELSIR.N406A.TOPPS</Line>
        <Line Name="N407A">TUSKY.N407A.UMESI</Line>
        <Line Name="N408A">ELSIR.N408A.HULTN</Line>
        <Line Name="N409A">ALLEX.N409A.UMESI</Line>
        <Line Name="N411B">EBONY.N411B.UMESI</Line>
        <Line Name="N412A">ELSIR.N412A.MIILS</Line>
        <Line Name="N413B">TOPPS.N413B.UMESI</Line>
        <Line Name="N415B">MIILS.N415B.UMESI</Line>
        <Line Name="N41A">KANNI.N41A.JAROM</Line>
        <Line Name="N423A">DANOL.N423A.UMESI</Line>
        <Line Name="N424K">BUDAR.N424K.VITOL</Line>
        <Line Name="N426A">BUDAR.N426A.WHALE</Line>
        <Line Name="N428A">BUDAR.N428A.KANNI</Line>
        <Line Name="N431A">KANNI.N431A.TUDEP</Line>
        <Line Name="N432A">BUDAR.N432A.BRADD</Line>
        <Line Name="N433A">BRADD.N433A.TUDEP</Line>
        <Line Name="N434A">BUDAR.N434A.TUSKY</Line>
        <Line Name="N435A">TUSKY.N435A.TUDEP</Line>
        <Line Name="N436B">BUDAR.N436B.ALLEX</Line>
        <Line Name="N437A">ALLEX.N437A.TUDEP</Line>
        <Line Name="N438B">BUDAR.N438B.EBONY</Line>
        <Line Name="N439A">EBONY.N439A.TUDEP</Line>
        <Line Name="N43B">BRADD.N43B.JAROM</Line>
        <Line Name="N441A">TOPPS.N441A.TUDEP</Line>
        <Line Name="N442E">BUDAR.N442E.TOPPS</Line>
        <Line Name="N443A">MIILS.N443A.TUDEP</Line>
        <Line Name="N444A">BUDAR.N444A.HULTN</Line>
        <Line Name="N446A">BUDAR.N446A.MIILS</Line>
        <Line Name="N449A">DANOL.N449A.TUDEP</Line>
        <Line Name="N458B">H5052.N458B.VITOL</Line>
        <Line Name="N45D">VITOL.N45D.RAFIN</Line>
        <Line Name="N461A">KANNI.N461A.SAXAN</Line>
        <Line Name="N462C">H5052.N462C.WHALE</Line>
        <Line Name="N463A">BRADD.N463A.SAXAN</Line>
        <Line Name="N464E">H5052.N464E.KANNI</Line>
        <Line Name="N465A">TUSKY.N465A.SAXAN</Line>
        <Line Name="N466A">H5052.N466A.BRADD</Line>
        <Line Name="N467A">ALLEX.N467A.SAXAN</Line>
        <Line Name="N468A">H5052.N468A.TUSKY</Line>
        <Line Name="N469A">EBONY.N469A.SAXAN</Line>
        <Line Name="N46G">JAROM.N46G.VITOL</Line>
        <Line Name="N471A">TOPPS.N471A.SAXAN</Line>
        <Line Name="N472A">H5052.N472A.ALLEX</Line>
        <Line Name="N473A">MIILS.N473A.SAXAN</Line>
        <Line Name="N474A">H5052.N474A.EBONY</Line>
        <Line Name="N476B">H5052.N476B.TOPPS</Line>
        <Line Name="N478B">H5052.N478B.HULTN</Line>
        <Line Name="N47C">VITOL.N47C.RAFIN</Line>
        <Line Name="N480">BALDA.N480.MAVOS</Line>
        <Line Name="N481A">DANOL.N481A.SAXAN</Line>
        <Line Name="N482C">H5052.N482C.MIILS</Line>
        <Line Name="N48G">JAROM.N48G.VITOL</Line>
        <Line Name="N491A">BRADD.N491A.RIKAL</Line>
        <Line Name="N492A">UMESI.N492A.KANNI</Line>
        <Line Name="N493A">TUSKY.N493A.RIKAL</Line>
        <Line Name="N494A">UMESI.N494A.BRADD</Line>
        <Line Name="N495C">ALLEX.N495C.RIKAL</Line>
        <Line Name="N496G">UMESI.N496G.TUSKY</Line>
        <Line Name="N497C">EBONY.N497C.RIKAL</Line>
        <Line Name="N498E">UMESI.N498E.ALLEX</Line>
        <Line Name="N499A">TOPPS.N499A.RIKAL</Line>
        <Line Name="N49C">WHALE.N49C.RAFIN</Line>
        <Line Name="N4A">SLATN.N4A.BERGH</Line>
        <Line Name="N500C">UMESI.N500C.EBONY</Line>
        <Line Name="N501A">MIILS.N501A.RIKAL</Line>
        <Line Name="N502G">UMESI.N502G.TOPPS</Line>
        <Line Name="N504A">UMESI.N504A.HULTN</Line>
        <Line Name="N506A">UMESI.N506A.MIILS</Line>
        <Line Name="N509A">DANOL.N509A.RIKAL</Line>
        <Line Name="N50G">JAROM.N50G.WHALE</Line>
        <Line Name="N510A">UMESI.N510A.KJOHN</Line>
        <Line Name="N518B">TUDEP.N518B.BRADD</Line>
        <Line Name="N51D">WHALE.N51D.RAFIN</Line>
        <Line Name="N520C">TUDEP.N520C.TUSKY</Line>
        <Line Name="N521A">BRADD.N521A.PELTU</Line>
        <Line Name="N522E">TUDEP.N522E.ALLEX</Line>
        <Line Name="N523A">TUSKY.N523A.PELTU</Line>
        <Line Name="N524A">TUDEP.N524A.EBONY</Line>
        <Line Name="N525A">ALLEX.N525A.PELTU</Line>
        <Line Name="N526A">TUDEP.N526A.TOPPS</Line>
        <Line Name="N527A">EBONY.N527A.PELTU</Line>
        <Line Name="N528A">TUDEP.N528A.HULTN</Line>
        <Line Name="N529A">TOPPS.N529A.PELTU</Line>
        <Line Name="N52G">JAROM.N52G.WHALE</Line>
        <Line Name="N530A">TUDEP.N530A.MIILS</Line>
        <Line Name="N531A">MIILS.N531A.PELTU</Line>
        <Line Name="N534A">TUDEP.N534A.KJOHN</Line>
        <Line Name="N539A">DANOL.N539A.PELTU</Line>
        <Line Name="N53D">KANNI.N53D.RAFIN</Line>
        <Line Name="N542C">SAXAN.N542C.BRADD</Line>
        <Line Name="N544E">SAXAN.N544E.TUSKY</Line>
        <Line Name="N546A">SAXAN.N546A.ALLEX</Line>
        <Line Name="N548A">SAXAN.N548A.EBONY</Line>
        <Line Name="N54G">JAROM.N54G.KANNI</Line>
        <Line Name="N550A">SAXAN.N550A.TOPPS</Line>
        <Line Name="N552A">SAXAN.N552A.HULTN</Line>
        <Line Name="N553A">TUSKY.N553A.NEEKO</Line>
        <Line Name="N554A">SAXAN.N554A.MIILS</Line>
        <Line Name="N555A">EBONY.N555A.NEEKO</Line>
        <Line Name="N557A">TOPPS.N557A.NEEKO</Line>
        <Line Name="N558B">SAXAN.N558B.KJOHN</Line>
        <Line Name="N55A">BRADD.N55A.RAFIN</Line>
        <Line Name="N562">DONIB.N562.MIMKU</Line>
        <Line Name="N563A">MIILS.N563A.NEEKO</Line>
        <Line Name="N566A">RIKAL.N566A.TUSKY</Line>
        <Line Name="N567A">ALLEX.N567A.NEEKO</Line>
        <Line Name="N568A">RIKAL.N568A.ALLEX</Line>
        <Line Name="N569A">DANOL.N569A.NEEKO</Line>
        <Line Name="N56G">JAROM.N56G.BRADD</Line>
        <Line Name="N570A">RIKAL.N570A.EBONY</Line>
        <Line Name="N572A">RIKAL.N572A.TOPPS</Line>
        <Line Name="N574A">RIKAL.N574A.HULTN</Line>
        <Line Name="N578B">RIKAL.N578B.KJOHN</Line>
        <Line Name="N57A">MIILS.N57A.RAFIN</Line>
        <Line Name="N583A">ALLEX.N583A.MELDI</Line>
        <Line Name="N585A">EBONY.N585A.MELDI</Line>
        <Line Name="N586A">PELTU.N586A.TUSKY</Line>
        <Line Name="N587A">TOPPS.N587A.MELDI</Line>
        <Line Name="N588A">PELTU.N588A.ALLEX</Line>
        <Line Name="N589A">MIILS.N589A.MELDI</Line>
        <Line Name="N58E">JAROM.N58E.TUSKY</Line>
        <Line Name="N590A">PELTU.N590A.EBONY</Line>
        <Line Name="N592A">PELTU.N592A.TOPPS</Line>
        <Line Name="N594A">PELTU.N594A.HULTN</Line>
        <Line Name="N596B">PELTU.N596B.MIILS</Line>
        <Line Name="N599A">DANOL.N599A.MELDI</Line>
        <Line Name="N59C">MIILS.N59C.RAFIN</Line>
        <Line Name="N602">TFN VOR.N602.KONBA</Line>
        <Line Name="N602E">PELTU.N602E.KJOHN</Line>
        <Line Name="N60E">JAROM.N60E.TUSKY</Line>
        <Line Name="N610A">NEEKO.N610A.TUSKY</Line>
        <Line Name="N612A">NEEKO.N612A.ALLEX</Line>
        <Line Name="N613A">ALLEX.N613A.LOMSI</Line>
        <Line Name="N614A">NEEKO.N614A.EBONY</Line>
        <Line Name="N615A">EBONY.N615A.LOMSI</Line>
        <Line Name="N616B">NEEKO.N616B.TOPPS</Line>
        <Line Name="N617A">TOPPS.N617A.LOMSI</Line>
        <Line Name="N618B">NEEKO.N618B.HULTN</Line>
        <Line Name="N619A">MIILS.N619A.LOMSI</Line>
        <Line Name="N61A">KANNI.N61A.RAFIN</Line>
        <Line Name="N620C">NEEKO.N620C.MIILS</Line>
        <Line Name="N626A">NEEKO.N626A.KJOHN</Line>
        <Line Name="N62C">JAROM.N62C.TOPPS</Line>
        <Line Name="N631A">DANOL.N631A.LOMSI</Line>
        <Line Name="N634A">MELDI.N634A.TUSKY</Line>
        <Line Name="N636C">MELDI.N636C.EBONY</Line>
        <Line Name="N638B">MELDI.N638B.TOPPS</Line>
        <Line Name="N63A">BRADD.N63A.RAFIN</Line>
        <Line Name="N640C">MELDI.N640C.HULTN</Line>
        <Line Name="N642B">MELDI.N642B.MIILS</Line>
        <Line Name="N643A">ALLEX.N643A.KODIK</Line>
        <Line Name="N645A">EBONY.N645A.KODIK</Line>
        <Line Name="N647A">TOPPS.N647A.KODIK</Line>
        <Line Name="N649A">MIILS.N649A.KODIK</Line>
        <Line Name="N64A">JAROM.N64A.MIILS</Line>
        <Line Name="N650A">MELDI.N650A.KJOHN</Line>
        <Line Name="N658B">LOMSI.N658B.TUSKY</Line>
        <Line Name="N65A">TUSKY.N65A.RAFIN</Line>
        <Line Name="N660C">LOMSI.N660C.EBONY</Line>
        <Line Name="N661A">DANOL.N661A.KODIK</Line>
        <Line Name="N662C">LOMSI.N662C.TOPPS</Line>
        <Line Name="N664A">LOMSI.N664A.HULTN</Line>
        <Line Name="N666A">LOMSI.N666A.MIILS</Line>
        <Line Name="N673A">ALLEX.N673A.JANJO</Line>
        <Line Name="N674A">LOMSI.N674A.KJOHN</Line>
        <Line Name="N675A">EBONY.N675A.JANJO</Line>
        <Line Name="N677A">TOPPS.N677A.JANJO</Line>
        <Line Name="N679A">MIILS.N679A.JANJO</Line>
        <Line Name="N67A">TUSKY.N67A.RAFIN</Line>
        <Line Name="N682B">KODIK.N682B.TUSKY</Line>
        <Line Name="N684C">KODIK.N684C.TOPPS</Line>
        <Line Name="N686A">KODIK.N686A.MIILS</Line>
        <Line Name="N696B">KODIK.N696B.KJOHN</Line>
        <Line Name="N69A">ALLEX.N69A.RAFIN</Line>
        <Line Name="N703A">ALLEX.N703A.IRLOK</Line>
        <Line Name="N704B">JANJO.N704B.TUSKY</Line>
        <Line Name="N705A">EBONY.N705A.IRLOK</Line>
        <Line Name="N706B">JANJO.N706B.TOPPS</Line>
        <Line Name="N707A">TOPPS.N707A.IRLOK</Line>
        <Line Name="N708B">JANJO.N708B.MIILS</Line>
        <Line Name="N709A">MIILS.N709A.IRLOK</Line>
        <Line Name="N716B">JANJO.N716B.KJOHN</Line>
        <Line Name="N71A">EBONY.N71A.RAFIN</Line>
        <Line Name="N724A">IRLOK.N724A.MIILS</Line>
        <Line Name="N725">STG VOR.N725.ROVAK</Line>
        <Line Name="N726">STG VOR.N726.NARBO</Line>
        <Line Name="N728">MIYEC.N728.KORUL</Line>
        <Line Name="N729">CABEL.N729.BIMBO</Line>
        <Line Name="N733">STG VOR.N733.DESAT</Line>
        <Line Name="N733A">EBONY.N733A.HOIST</Line>
        <Line Name="N734C">IRLOK.N734C.KJOHN</Line>
        <Line Name="N735A">TOPPS.N735A.HOIST</Line>
        <Line Name="N737A">MIILS.N737A.HOIST</Line>
        <Line Name="N73A">VITOL.N73A.SUPRY</Line>
        <Line Name="N741">EDUMO.N741.NELSO</Line>
        <Line Name="N744A">HOIST.N744A.MIILS</Line>
        <Line Name="N745">RIVRO.N745.TOSDI</Line>
        <Line Name="N747">MINTA.N747.ONUBA</Line>
        <Line Name="N752B">HOIST.N752B.KJOHN</Line>
        <Line Name="N756C">HOIST.N756C.YYR VOR</Line>
        <Line Name="N75A">WHALE.N75A.SUPRY</Line>
        <Line Name="N763A">EBONY.N763A.ENNSO</Line>
        <Line Name="N764A">ENNSO.N764A.MIILS</Line>
        <Line Name="N765A">TOPPS.N765A.ENNSO</Line>
        <Line Name="N767A">MIILS.N767A.ENNSO</Line>
        <Line Name="N76A">RAFIN.N76A.VITOL</Line>
        <Line Name="N774A">ENNSO.N774A.KJOHN</Line>
        <Line Name="N77A">WHALE.N77A.SUPRY</Line>
        <Line Name="N78A">RAFIN.N78A.VITOL</Line>
        <Line Name="N792A">DORYY.N792A.KJOHN</Line>
        <Line Name="N793A">TOPPS.N793A.DORYY</Line>
        <Line Name="N795A">MIILS.N795A.DORYY</Line>
        <Line Name="N79A">KANNI.N79A.SUPRY</Line>
        <Line Name="N7A">MANTA.N7A.SLATN</Line>
        <Line Name="N800B">CUDDY.N800B.MIILS</Line>
        <Line Name="N80A">RAFIN.N80A.WHALE</Line>
        <Line Name="N814A">CUDDY.N814A.KJOHN</Line>
        <Line Name="N81A">BRADD.N81A.SUPRY</Line>
        <Line Name="N822B">BOKTO.N822B.DUVBI</Line>
        <Line Name="N823A">TOPPS.N823A.BOKTO</Line>
        <Line Name="N824A">BOKTO.N824A.DUVBI</Line>
        <Line Name="N826A">BOKTO.N826A.DUVBI</Line>
        <Line Name="N828A">BOKTO.N828A.DUVBI</Line>
        <Line Name="N82A">RAFIN.N82A.KANNI</Line>
        <Line Name="N833A">TOPPS.N833A.AVUTI</Line>
        <Line Name="N838B">AVUTI.N838B.YDP NDB</Line>
        <Line Name="N839A">DUVBI.N839A.AVUTI</Line>
        <Line Name="N83A">BRADD.N83A.SUPRY</Line>
        <Line Name="N840B">AVUTI.N840B.DUVBI</Line>
        <Line Name="N842B">AVUTI.N842B.DUVBI</Line>
        <Line Name="N844A">AVUTI.N844A.DUVBI</Line>
        <Line Name="N846B">AVUTI.N846B.YDP NDB</Line>
        <Line Name="N848B">AVUTI.N848B.YDP NDB</Line>
        <Line Name="N84B">RAFIN.N84B.KANNI</Line>
        <Line Name="N850B">AVUTI.N850B.YDP NDB</Line>
        <Line Name="N852A">AVUTI.N852A.YDP NDB</Line>
        <Line Name="N854A">AVUTI.N854A.YDP NDB</Line>
        <Line Name="N855A">DUVBI.N855A.VESMI</Line>
        <Line Name="N856B">AVUTI.N856B.YDP NDB</Line>
        <Line Name="N857">ETIBA.N857.TERTO</Line>
        <Line Name="N857A">DUVBI.N857A.VESMI</Line>
        <Line Name="N858">GDV VOR.N858.OXACA</Line>
        <Line Name="N858B">AVUTI.N858B.ALSOP</Line>
        <Line Name="N859A">DUVBI.N859A.VESMI</Line>
        <Line Name="N85A">TUSKY.N85A.SUPRY</Line>
        <Line Name="N866">TENPA.N866.KONBA</Line>
        <Line Name="N866B">VESMI.N866B.ALSOP</Line>
        <Line Name="N868B">VESMI.N868B.LOMTA</Line>
        <Line Name="N86B">RAFIN.N86B.BRADD</Line>
        <Line Name="N870">PORLI.N870.UREDI</Line>
        <Line Name="N870A">VESMI.N870A.ALSOP</Line>
        <Line Name="N871">APASO.N871.KORAL</Line>
        <Line Name="N872">RALUS.N872.ATLEN</Line>
        <Line Name="N872A">VESMI.N872A.ALSOP</Line>
        <Line Name="N873">IPERA.N873.DELOG</Line>
        <Line Name="N874A">VESMI.N874A.ALSOP</Line>
        <Line Name="N875A">YDP NDB.N875A.URTAK</Line>
        <Line Name="N876B">VESMI.N876B.ALSOP</Line>
        <Line Name="N877A">YDP NDB.N877A.URTAK</Line>
        <Line Name="N878B">VESMI.N878B.ALSOP</Line>
        <Line Name="N879A">YDP NDB.N879A.URTAK</Line>
        <Line Name="N87A">TUSKY.N87A.SUPRY</Line>
        <Line Name="N881A">YDP NDB.N881A.URTAK</Line>
        <Line Name="N883A">YDP NDB.N883A.URTAK</Line>
        <Line Name="N885A">EBONY.N885A.PORTI</Line>
        <Line Name="N886B">URTAK.N886B.ALSOP</Line>
        <Line Name="N887A">TOPPS.N887A.PORTI</Line>
        <Line Name="N888B">URTAK.N888B.LOMTA</Line>
        <Line Name="N889A">DANOL.N889A.PORTI</Line>
        <Line Name="N88B">RAFIN.N88B.BRADD</Line>
        <Line Name="N890A">URTAK.N890A.LOMTA</Line>
        <Line Name="N891A">TUSKY.N891A.OMSAT</Line>
        <Line Name="N892A">URTAK.N892A.LOMTA</Line>
        <Line Name="N893A">EBONY.N893A.OMSAT</Line>
        <Line Name="N894A">URTAK.N894A.LOMTA</Line>
        <Line Name="N895A">TOPPS.N895A.OMSAT</Line>
        <Line Name="N896B">URTAK.N896B.KJOHN</Line>
        <Line Name="N897A">DANOL.N897A.OMSAT</Line>
        <Line Name="N898B">URTAK.N898B.LOMTA</Line>
        <Line Name="N899A">KANNI.N899A.NICSO</Line>
        <Line Name="N89A">MIILS.N89A.SUPRY</Line>
        <Line Name="N900A">URTAK.N900A.LOMTA</Line>
        <Line Name="N901A">TUSKY.N901A.NICSO</Line>
        <Line Name="N902A">URTAK.N902A.MCKEE</Line>
        <Line Name="N903A">EBONY.N903A.NICSO</Line>
        <Line Name="N905A">TOPPS.N905A.NICSO</Line>
        <Line Name="N907A">DANOL.N907A.NICSO</Line>
        <Line Name="N909A">TUSKY.N909A.MUSAK</Line>
        <Line Name="N90B">RAFIN.N90B.TUSKY</Line>
        <Line Name="N910A">TOXIT.N910A.UDMAR</Line>
        <Line Name="N911A">EBONY.N911A.MUSAK</Line>
        <Line Name="N912A">TOXIT.N912A.UDMAR</Line>
        <Line Name="N913A">TOPPS.N913A.MUSAK</Line>
        <Line Name="N914A">TOXIT.N914A.LAKES</Line>
        <Line Name="N915A">DANOL.N915A.MUSAK</Line>
        <Line Name="N916A">TOXIT.N916A.LAKES</Line>
        <Line Name="N917A">TOPPS.N917A.JOOPY</Line>
        <Line Name="N918A">TOXIT.N918A.UDMAR</Line>
        <Line Name="N919A">DANOL.N919A.JOOPY</Line>
        <Line Name="N91A">MIILS.N91A.SUPRY</Line>
        <Line Name="N921A">KANNI.N921A.ELSIR</Line>
        <Line Name="N923A">DANOL.N923A.ELSIR</Line>
        <Line Name="N926A">SAVRY.N926A.IRBIM</Line>
        <Line Name="N927A">KANNI.N927A.RELIC</Line>
        <Line Name="N928A">SAVRY.N928A.IRBIM</Line>
        <Line Name="N929A">TUSKY.N929A.RELIC</Line>
        <Line Name="N92A">RAFIN.N92A.TUSKY</Line>
        <Line Name="N930A">SAVRY.N930A.IRBIM</Line>
        <Line Name="N931A">BRADD.N931A.JOOPY</Line>
        <Line Name="N932A">SAVRY.N932A.IRBIM</Line>
        <Line Name="N934A">SAVRY.N934A.IRBIM</Line>
        <Line Name="N936A">SAVRY.N936A.LAKES</Line>
        <Line Name="N938A">SAVRY.N938A.SINGA</Line>
        <Line Name="N93A">MIILS.N93A.SUPRY</Line>
        <Line Name="N940A">SAVRY.N940A.UDMAR</Line>
        <Line Name="N948A">RADUN.N948A.SINGA</Line>
        <Line Name="N94A">RAFIN.N94A.MIILS</Line>
        <Line Name="N950A">RADUN.N950A.LAKES</Line>
        <Line Name="N952A">RADUN.N952A.KLIPS</Line>
        <Line Name="N954A">RADUN.N954A.LOPVI</Line>
        <Line Name="N95A">ALLEX.N95A.SUPRY</Line>
        <Line Name="N962A">PIDSO.N962A.SINGA</Line>
        <Line Name="N964A">PIDSO.N964A.PEPKI</Line>
        <Line Name="N966A">PIDSO.N966A.LOPVI</Line>
        <Line Name="N968A">PIDSO.N968A.RODBO</Line>
        <Line Name="N974A">NIFTY.N974A.MUSLO</Line>
        <Line Name="N975">ELVAR.N975.CCS VOR</Line>
        <Line Name="N976">NINOS.N976.ARDID</Line>
        <Line Name="N976A">NIFTY.N976A.SEMTO</Line>
        <Line Name="N978A">NIFTY.N978A.LOPVI</Line>
        <Line Name="N97A">EBONY.N97A.SUPRY</Line>
        <Line Name="N981">GOMER.N981.BIMBO</Line>
        <Line Name="N984A">MAXAR.N984A.MIBNO</Line>
        <Line Name="N986A">MAXAR.N986A.RODBO</Line>
        <Line Name="N988A">MAXAR.N988A.MUSLO</Line>
        <Line Name="N990A">MAXAR.N990A.LOPVI</Line>
        <Line Name="N996A">LIBOR.N996A.RODBO</Line>
        <Line Name="N998A">LIBOR.N998A.JELCO</Line>
        <Line Name="N99A">VITOL.N99A.SUPRY</Line>
        <Line Name="P6">NELBO.P6.BELZU</Line>
        <Line Name="P600">TURON.P600.GOTNA</Line>
        <Line Name="P620">NELBO.P620.BEPAN</Line>
        <Line Name="Q101">SKARP.Q101.KALDA</Line>
        <Line Name="Q103">CYNTA.Q103.PUPYY</Line>
        <Line Name="Q107">GARIC.Q107.HURTS</Line>
        <Line Name="Q109">PANDY.Q109.DFENC</Line>
        <Line Name="Q111">ZORDO.Q111.ALXEA</Line>
        <Line Name="Q113">RAYVO.Q113.RIDDN</Line>
        <Line Name="Q117">PRONI.Q117.SAWED</Line>
        <Line Name="Q119">SCOOB.Q119.SHTGN</Line>
        <Line Name="Q127">BUKYY.Q127.ENO VOR</Line>
        <Line Name="Q129">GARIC.Q129.AARNN</Line>
        <Line Name="Q131">WAALT.Q131.KALDA</Line>
        <Line Name="Q133">CHIEZ.Q133.GANDE</Line>
        <Line Name="Q135">JROSS.Q135.CUDLE</Line>
        <Line Name="Q141">HOUKY.Q141.NALES</Line>
        <Line Name="Q142">BIGPI.Q142.BIMBO</Line>
        <Line Name="Q143">GOSGA.Q143.ORTIS</Line>
        <Line Name="Q145">KEKOS.Q145.DIKUV</Line>
        <Line Name="Q146">PECKY.Q146.EPAKA</Line>
        <Line Name="Q147">IRKID.Q147.DEMZO</Line>
        <Line Name="Q151">SNT VOR.Q151.LUKAN</Line>
        <Line Name="Q167">KALDA.Q167.SSOXS</Line>
        <Line Name="Q172">HINTZ.Q172.RAPZZ</Line>
        <Line Name="Q204">NELSO.Q204.VERAM</Line>
        <Line Name="Q205">NELSO.Q205.VERAM</Line>
        <Line Name="Q206">BIMBO.Q206.SNT VOR</Line>
        <Line Name="Q207">SNT VOR.Q207.IRKID</Line>
        <Line Name="Q22">BBOBO.Q22.FOXWD</Line>
        <Line Name="Q220">RIFLE.Q220.LARIE</Line>
        <Line Name="Q232">HOPCE.Q232.NEION</Line>
        <Line Name="Q279">GDV VOR.Q279.LAY VOR</Line>
        <Line Name="Q29">EBONY.Q29.YHZ VOR</Line>
        <Line Name="Q301">JOSES.Q301.GOVEV</Line>
        <Line Name="Q34">BIGRG.Q34.RBV VOR</Line>
        <Line Name="Q36">CRK VOR.Q36.KLY NDB</Line>
        <Line Name="Q37">SHA VOR.Q37.KLY NDB</Line>
        <Line Name="Q38">PEPOD.Q38.VAKPO</Line>
        <Line Name="Q39">RINGA.Q39.BABGU</Line>
        <Line Name="Q406">BWZ VOR.Q406.BAF VOR</Line>
        <Line Name="Q409">PUPYY.Q409.WHITE</Line>
        <Line Name="Q419">BROSS.Q419.DPK VOR</Line>
        <Line Name="Q42">SPOTZ.Q42.ZIMMZ</Line>
        <Line Name="Q430">BYRDD.Q430.ACK VOR</Line>
        <Line Name="Q437">VILLS.Q437.LLUND</Line>
        <Line Name="Q439">HOWYU.Q439.FRIAR</Line>
        <Line Name="Q445">SHAUP.Q445.KYSKY</Line>
        <Line Name="Q448">PTW VOR.Q448.BAF VOR</Line>
        <Line Name="Q450">HNNAH.Q450.DPK VOR</Line>
        <Line Name="Q475">COPLY.Q475.PERLU</Line>
        <Line Name="Q476">HARTY.Q476.NWTON</Line>
        <Line Name="Q480">SPOTZ.Q480.ENE VOR</Line>
        <Line Name="Q481">CONFR.Q481.DPK VOR</Line>
        <Line Name="Q54">ASHEL.Q54.NUTZE</Line>
        <Line Name="Q64">DADDS.Q64.SAWED</Line>
        <Line Name="Q69">VIYAP.Q69.GURGE</Line>
        <Line Name="Q75">SACRI.Q75.COPLY</Line>
        <Line Name="Q77">OCTAL.Q77.SHRKS</Line>
        <Line Name="Q806">PERLU.Q806.MLT VOR</Line>
        <Line Name="Q812">MSLIN.Q812.GAYEL</Line>
        <Line Name="Q818">MSLIN.Q818.GAYEL</Line>
        <Line Name="Q822">CAM VOR.Q822.TIGOR</Line>
        <Line Name="Q83">JEVED.Q83.WURFL</Line>
        <Line Name="Q833">SASUG.Q833.YQX VOR</Line>
        <Line Name="Q846">ALLEX.Q846.TIGOR</Line>
        <Line Name="Q85">LPERD.Q85.CRPLR</Line>
        <Line Name="Q858">DULBA.Q858.YQY VOR</Line>
        <Line Name="Q864">TUGUB.Q864.ITPAX</Line>
        <Line Name="Q87">TIRCO.Q87.HURTS</Line>
        <Line Name="Q89">MANLE.Q89.SHRKS</Line>
        <Line Name="Q907">IMAMA.Q907.MIVAD</Line>
        <Line Name="Q93">EBAYY.Q93.GURGE</Line>
        <Line Name="Q935">GDM VOR.Q935.BOS VOR</Line>
        <Line Name="Q951">DANOL.Q951.SILRO</Line>
        <Line Name="Q97">TOVAR.Q97.FRIAR</Line>
        <Line Name="R1">NELSO.R1.DEMOS</Line>
        <Line Name="R47">NARTA.R47.MINTA</Line>
        <Line Name="R507">GTK VOR.R507.UTAHS</Line>
        <Line Name="R56">LINND.R56.SLATN</Line>
        <Line Name="R625">PIBLO.R625.ENAMO</Line>
        <Line Name="R628">ZQA VOR.R628.ZOLLA</Line>
        <Line Name="R630">PETSO.R630.ENAMO</Line>
        <Line Name="R72">NARBO.R72.AMSEL</Line>
        <Line Name="R724">IBALU.R724.VFA VOR</Line>
        <Line Name="R763">MUNOZ.R763.LETON</Line>
        <Line Name="R975">MINBA.R975.BIMOG</Line>
        <Line Name="RR4">OMIVO.RR4.YFY NDB</Line>
        <Line Name="RTE3">UTAHS.RTE3.JAAWS</Line>
        <Line Name="RTE5">PLING.RTE5.ROBLL</Line>
        <Line Name="RTE6">IDAHO.RTE6.BEANO</Line>
        <Line Name="RTE7">PLING.RTE7.SAALR</Line>
        <Line Name="T12">RETAK.T12.ARMED</Line>
        <Line Name="T17">KERSO.T17.POKEG</Line>
        <Line Name="T18">JUELE.T18.DATUN</Line>
        <Line Name="T207">FOXAM.T207.MMKAY</Line>
        <Line Name="T208">SIROC.T208.SHANC</Line>
        <Line Name="T210">OHLEE.T210.AKOJO</Line>
        <Line Name="T211">CARRA.T211.CRG VOR</Line>
        <Line Name="T212">WEARD.T212.PUT VOR</Line>
        <Line Name="T216">CAMMO.T216.ACK VOR</Line>
        <Line Name="T218">COATE.T218.SAX VOR</Line>
        <Line Name="T221">MAZIE.T221.TROXL</Line>
        <Line Name="T224">WAVES.T224.BOS VOR</Line>
        <Line Name="T243">PUNGO.T243.ZOLMN</Line>
        <Line Name="T25">LENSI.T25.GUNTI</Line>
        <Line Name="T255">NELIE.T255.MVY VOR</Line>
        <Line Name="T258">TWHYY.T258.BOUSY</Line>
        <Line Name="T274">GDV VOR.T274.TFN VOR</Line>
        <Line Name="T287">OXFRD.T287.ENE VOR</Line>
        <Line Name="T291">TYI VOR.T291.RIPKN</Line>
        <Line Name="T295">DUFFI.T295.HULTN</Line>
        <Line Name="T299">SCOUP.T299.FILPS</Line>
        <Line Name="T3">ASPOR.T3.FINAM</Line>
        <Line Name="T300">CANAN.T300.DEEPO</Line>
        <Line Name="T303">ISO VOR.T303.BOS VOR</Line>
        <Line Name="T307">PEARS.T307.REESY</Line>
        <Line Name="T314">IGN VOR.T314.ENE VOR</Line>
        <Line Name="T315">WAVES.T315.EBERT</Line>
        <Line Name="T316">CAM VOR.T316.MANCH</Line>
        <Line Name="T320">CAVDI.T320.GDM VOR</Line>
        <Line Name="T326">ASPOR.T326.INSID</Line>
        <Line Name="T328">ASPOR.T328.ELTEP</Line>
        <Line Name="T335">ZJAAY.T335.HIKES</Line>
        <Line Name="T336">YOJIX.T336.VALKA</Line>
        <Line Name="T339">DIDDY.T339.ODDEL</Line>
        <Line Name="T343">YOJIX.T343.INDIA</Line>
        <Line Name="T345">MARKT.T345.VALKA</Line>
        <Line Name="T347">SHANC.T347.SEBAG</Line>
        <Line Name="T353">AKOJO.T353.STARY</Line>
        <Line Name="T356">SWANN.T356.FOLEZ</Line>
        <Line Name="T358">RIPKN.T358.AUG VOR</Line>
        <Line Name="T393">GAILS.T393.DAVID</Line>
        <Line Name="T395">BRLIN.T395.CON VOR</Line>
        <Line Name="T398">ACUTE.T398.TAPPA</Line>
        <Line Name="T416">ENO VOR.T416.PREPI</Line>
        <Line Name="T425">SIROC.T425.BERTT</Line>
        <Line Name="T430">TROXL.T430.SBJ VOR</Line>
        <Line Name="T432">HOPCE.T432.NEION</Line>
        <Line Name="T434">SBJ VOR.T434.NECCK</Line>
        <Line Name="T437">SIROC.T437.TILLS</Line>
        <Line Name="T438">HIKES.T438.PREPI</Line>
        <Line Name="T441">TROPP.T441.GRECI</Line>
        <Line Name="T447">ENO VOR.T447.HIKES</Line>
        <Line Name="T454">HARTY.T454.NWTON</Line>
        <Line Name="T456">FOLEZ.T456.MXE VOR</Line>
        <Line Name="T457">JIIMS.T457.BOOCH</Line>
        <Line Name="T458">ACOVE.T458.BOS VOR</Line>
        <Line Name="T459">JIIMS.T459.DOGGR</Line>
        <Line Name="T460">WIGAN.T460.GLYDE</Line>
        <Line Name="T476">TUNDR.T476.WIMKA</Line>
        <Line Name="T480">DOGWD.T480.ZOLMN</Line>
        <Line Name="T482">MEYER.T482.COUPN</Line>
        <Line Name="T488">TYI VOR.T488.RTBRO</Line>
        <Line Name="T5">MALIS.T5.BARKO</Line>
        <Line Name="T601">SASUG.T601.YQX VOR</Line>
        <Line Name="T608">WARUV.T608.REVER</Line>
        <Line Name="T612">IKURO.T612.YQX VOR</Line>
        <Line Name="T634">FILPS.T634.SEY VOR</Line>
        <Line Name="T662">KATAH.T662.HULTN</Line>
        <Line Name="T672">YHZ VOR.T672.PERLU</Line>
        <Line Name="T698">HULTN.T698.YYG VOR</Line>
        <Line Name="T705">ACK VOR.T705.TRESA</Line>
        <Line Name="T735">DULBA.T735.YQY VOR</Line>
        <Line Name="T739">WRAPT.T739.ITPAX</Line>
        <Line Name="T770">LIMAL.T770.TFS VOR</Line>
        <Line Name="T783">YHZ VOR.T783.TIGOR</Line>
        <Line Name="T804">NOTOP.T804.YYT VOR</Line>
        <Line Name="T818">SASUG.T818.UMETI</Line>
        <Line Name="T827">YHZ VOR.T827.YYG VOR</Line>
        <Line Name="UA315">JOSES.UA315.MEDON</Line>
        <Line Name="UA600">KISBA.UA600.SOLNA</Line>
        <Line Name="UA756">NOSOX.UA756.BODLO</Line>
        <Line Name="UB882">GTK VOR.UB882.ALBBE</Line>
        <Line Name="UB891">POBIN.UB891.POKEG</Line>
        <Line Name="UG437">DYNAH.UG437.ULATU</Line>
        <Line Name="UG444">BOTES.UG444.SEPTO</Line>
        <Line Name="UG5">KORAL.UG5.SONSO</Line>
        <Line Name="UG629">UMEGA.UG629.OVALU</Line>
        <Line Name="UG851">MIYEC.UG851.ZRT VOR</Line>
        <Line Name="UL14">ELVAR.UL14.OSLAD</Line>
        <Line Name="UL155">PRT VOR.UL155.ADORO</Line>
        <Line Name="UL210">BORDO.UL210.COTIL</Line>
        <Line Name="UL212">OMERO.UL212.KODIX</Line>
        <Line Name="UL216">LERED.UL216.DCY VOR</Line>
        <Line Name="UL218">BORDO.UL218.RIBON</Line>
        <Line Name="UL304">BODLO.UL304.ALRED</Line>
        <Line Name="UL337">OSIDU.UL337.BODLO</Line>
        <Line Name="UL339">SEKAR.UL339.PTA VOR</Line>
        <Line Name="UL343">PTA VOR.UL343.MALVN</Line>
        <Line Name="UL347">VESDA.UL347.GHANN</Line>
        <Line Name="UL417">PETSO.UL417.BORDO</Line>
        <Line Name="UL463">JUELE.UL463.PTA VOR</Line>
        <Line Name="UL464">PTA VOR.UL464.LERED</Line>
        <Line Name="UL600">SNT VOR.UL600.IRKID</Line>
        <Line Name="UM190">ABALO.UM190.XERES</Line>
        <Line Name="UM191">DETOX.UM191.VIS VOR</Line>
        <Line Name="UM218">BINSU.UM218.ENAMO</Line>
        <Line Name="UM330">ENAMO.UM330.PETSO</Line>
        <Line Name="UM348">COTIL.UM348.KATOK</Line>
        <Line Name="UM594">RIBON.UM594.ALBBE</Line>
        <Line Name="UM595">ERRCA.UM595.SATAR</Line>
        <Line Name="UM596">POBIN.UM596.POKEG</Line>
        <Line Name="UM597">PIXAR.UM597.BETIR</Line>
        <Line Name="UM744">KOMUT.UM744.LASIB</Line>
        <Line Name="UN460">SIVIR.UN460.RIVAK</Line>
        <Line Name="UN470">SEPAL.UN470.LAPEX</Line>
        <Line Name="UN480">ETIKI.UN480.REGHI</Line>
        <Line Name="UN536">BUNAV.UN536.TIVLU</Line>
        <Line Name="UN726">STG VOR.UN726.VFA VOR</Line>
        <Line Name="UN728">ORTIS.UN728.DEMOS</Line>
        <Line Name="UN729">BIMBO.UN729.AGADO</Line>
        <Line Name="UN734">UMLER.UN734.UMOXA</Line>
        <Line Name="UN741">EDUMO.UN741.DEMOS</Line>
        <Line Name="UN745">BIMBO.UN745.RIVRO</Line>
        <Line Name="UN747">PELUS.UN747.MINTA</Line>
        <Line Name="UN857">TERTO.UN857.IBALU</Line>
        <Line Name="UN858">VASTO.UN858.PESAS</Line>
        <Line Name="UN866">TENPA.UN866.BEXAL</Line>
        <Line Name="UN870">LUTAK.UN870.PORLI</Line>
        <Line Name="UN871">KORAL.UN871.SONSO</Line>
        <Line Name="UN872">BEXAL.UN872.RALUS</Line>
        <Line Name="UN873">IPERA.UN873.PORTA</Line>
        <Line Name="UN975">ORTIS.UN975.ELVAR</Line>
        <Line Name="UN976">VIS VOR.UN976.NINOS</Line>
        <Line Name="UN979">ODPAK.UN979.ELVAR</Line>
        <Line Name="UN981">BIMBO.UN981.XERES</Line>
        <Line Name="UP47">ORTIS.UP47.RIPEL</Line>
        <Line Name="UP600">AMSEL.UP600.TURON</Line>
        <Line Name="UQ11">ABALO.UQ11.GIKAR</Line>
        <Line Name="UQ142">BIGPI.UQ142.BIMBO</Line>
        <Line Name="UQ143">GOSGA.UQ143.ORTIS</Line>
        <Line Name="UQ145">KEKOS.UQ145.DIKUV</Line>
        <Line Name="UQ146">EPAKA.UQ146.PECKY</Line>
        <Line Name="UQ147">IRKID.UQ147.DEMZO</Line>
        <Line Name="UQ148">BURAG.UQ148.LUKAN</Line>
        <Line Name="UQ151">SNT VOR.UQ151.LUKAN</Line>
        <Line Name="UQ301">JOSES.UQ301.GOVEV</Line>
        <Line Name="UR625">PIBLO.UR625.ENAMO</Line>
        <Line Name="UR724">IBALU.UR724.OSLAD</Line>
        <Line Name="UR975">ARDAR.UR975.BIMOG</Line>
        <Line Name="UT11">SEKAR.UT11.POBIN</Line>
        <Line Name="UT12">RETAK.UT12.AVASO</Line>
        <Line Name="UT17">KOBET.UT17.POKEG</Line>
        <Line Name="UT18">JUELE.UT18.DATUN</Line>
        <Line Name="UT20">KODIX.UT20.PTA VOR</Line>
        <Line Name="UT3">PRT VOR.UT3.ASPOR</Line>
        <Line Name="UT365">MIYEC.UT365.OSVOR</Line>
        <Line Name="UT5">PRT VOR.UT5.MALIS</Line>
        <Line Name="UT588">TOLAN.UT588.ASVID</Line>
        <Line Name="UT589">MA NDB.UT589.HB NDB</Line>
        <Line Name="UT591">KAYAK.UT591.DA NDB</Line>
        <Line Name="UT592">DA NDB.UT592.NONRO</Line>
        <Line Name="UT593">DA NDB.UT593.SOSIT</Line>
        <Line Name="UT594">GETDA.UT594.SOSIT</Line>
        <Line Name="UT596">GH NDB.UT596.EDERI</Line>
        <Line Name="UT598">GETDA.UT598.DA NDB</Line>
        <Line Name="UT599">GH NDB.UT599.LODNO</Line>
        <Line Name="UW10">ASIVO.UW10.PIXAR</Line>
        <Line Name="UW24">SGO VOR.UW24.KODIX</Line>
        <Line Name="UW28">DEMBU.UW28.DA NDB</Line>
        <Line Name="UW38">JUELE.UW38.PTA VOR</Line>
        <Line Name="UW39">MALVN.UW39.SGO VOR</Line>
        <Line Name="UY315">CHUMA.UY315.MAPEP</Line>
        <Line Name="UZ1">AKUDA.UZ1.VFA VOR</Line>
        <Line Name="UZ11">DEGUN.UZ11.VERAM</Line>
        <Line Name="UZ13">DEGUN.UZ13.NARTA</Line>
        <Line Name="UZ14">LIDRO.UZ14.NARTA</Line>
        <Line Name="UZ15">ODPAK.UZ15.BABEX</Line>
        <Line Name="UZ18">BEXAL.UZ18.LIS VOR</Line>
        <Line Name="UZ21">GUNTI.UZ21.BUSEN</Line>
        <Line Name="UZ218">BAROK.UZ218.MOSEN</Line>
        <Line Name="UZ219">MOMAS.UZ219.ELVAR</Line>
        <Line Name="UZ22">ERPES.UZ22.BUSEN</Line>
        <Line Name="UZ220">ABALO.UZ220.NIDUL</Line>
        <Line Name="UZ222">DIGAL.UZ222.ERTIS</Line>
        <Line Name="UZ223">BEXAL.UZ223.SOTEX</Line>
        <Line Name="UZ225">NAVIX.UZ225.DEGUN</Line>
        <Line Name="UZ226">INBOM.UZ226.PRT VOR</Line>
        <Line Name="UZ227">ROSAL.UZ227.EXONA</Line>
        <Line Name="UZ23">GUNTI.UZ23.DIRMA</Line>
        <Line Name="UZ25">ERPES.UZ25.DIRMA</Line>
        <Line Name="UZ28">BANAL.UZ28.DIRMA</Line>
        <Line Name="UZ29">ARMED.UZ29.DIRMA</Line>
        <Line Name="UZ4">BAROK.UZ4.ESP VOR</Line>
        <Line Name="UZ5">PIREN.UZ5.ESP VOR</Line>
        <Line Name="UZ539">ZEUSS.UZ539.MIROM</Line>
        <Line Name="UZ7">ODPAK.UZ7.MAGUM</Line>
        <Line Name="UZ8">ASMAR.UZ8.ORTIS</Line>
        <Line Name="UZ9">BIMBO.UZ9.ORSOS</Line>
        <Line Name="V1">CRG VOR.V1.BOS VOR</Line>
        <Line Name="V116">COATE.V116.SAX VOR</Line>
        <Line Name="V123">GEEMO.V123.CAM VOR</Line>
        <Line Name="V136">DUHAM.V136.CRE VOR</Line>
        <Line Name="V139">FLO VOR.V139.ENE VOR</Line>
        <Line Name="V141">ACK VOR.V141.BOS VOR</Line>
        <Line Name="V143">PTW VOR.V143.ARD VOR</Line>
        <Line Name="V146">CTR VOR.V146.ACK VOR</Line>
        <Line Name="V147">ARD VOR.V147.SPUDS</Line>
        <Line Name="V152">KIZER.V152.OMN VOR</Line>
        <Line Name="V155">MOATS.V155.RDU VOR</Line>
        <Line Name="V157">FLO VOR.V157.ATHOS</Line>
        <Line Name="V159">VKZ VOR.V159.LEESE</Line>
        <Line Name="V16">RIC VOR.V16.CREAM</Line>
        <Line Name="V162">SCOUP.V162.HUO VOR</Line>
        <Line Name="V166">SUDOY.V166.SIE VOR</Line>
        <Line Name="V167">WEARD.V167.ENE VOR</Line>
        <Line Name="V170">MXE VOR.V170.POLLA</Line>
        <Line Name="V179">SSI VOR.V179.KIRNS</Line>
        <Line Name="V18">SACKS.V18.CHS VOR</Line>
        <Line Name="V184">MXE VOR.V184.ZIGGI</Line>
        <Line Name="V188">COATE.V188.GON VOR</Line>
        <Line Name="V194">RDU VOR.V194.SUNNS</Line>
        <Line Name="V198">MONIA.V198.CRG VOR</Line>
        <Line Name="V20">MELIA.V20.RIC VOR</Line>
        <Line Name="V210">BUNTS.V210.ARD VOR</Line>
        <Line Name="V213">CRE VOR.V213.ACOVE</Line>
        <Line Name="V225">DIDDY.V225.TRV VOR</Line>
        <Line Name="V226">HARTY.V226.STW VOR</Line>
        <Line Name="V229">DONIL.V229.PANZE</Line>
        <Line Name="V232">SBJ VOR.V232.COL VOR</Line>
        <Line Name="V243">CRG VOR.V243.EJIPE</Line>
        <Line Name="V249">RBV VOR.V249.FILPS</Line>
        <Line Name="V252">HUO VOR.V252.DQO VOR</Line>
        <Line Name="V259">CRE VOR.V259.COPEL</Line>
        <Line Name="V260">RIC VOR.V260.HPW VOR</Line>
        <Line Name="V266">SUNNS.V266.ECG VOR</Line>
        <Line Name="V267">ORL VOR.V267.CRG VOR</Line>
        <Line Name="V268">SWANN.V268.AUG VOR</Line>
        <Line Name="V270">HIDAL.V270.BOS VOR</Line>
        <Line Name="V273">FALLZ.V273.HUO VOR</Line>
        <Line Name="V276">HIKES.V276.PREPI</Line>
        <Line Name="V284">SIE VOR.V284.VCN VOR</Line>
        <Line Name="V286">ZUNAR.V286.CCV VOR</Line>
        <Line Name="V29">SWL VOR.V29.HIKES</Line>
        <Line Name="V290">PUNGO.V290.TYI VOR</Line>
        <Line Name="V292">WIGAN.V292.BOS VOR</Line>
        <Line Name="V295">VKZ VOR.V295.LEESE</Line>
        <Line Name="V296">RAEFO.V296.ILM VOR</Line>
        <Line Name="V3">FLL VOR.V3.BOS VOR</Line>
        <Line Name="V30">TROXL.V30.SBJ VOR</Line>
        <Line Name="V302">AUG VOR.V302.ANCOR</Line>
        <Line Name="V310">RDU VOR.V310.ECG VOR</Line>
        <Line Name="V311">YQX VOR.V311.IKBUN</Line>
        <Line Name="V312">POLLA.V312.PREPI</Line>
        <Line Name="V315">YAY VOR.V315.YYT VOR</Line>
        <Line Name="V34">FILPS.V34.ACK VOR</Line>
        <Line Name="V37">CRG VOR.V37.TILLS</Line>
        <Line Name="V374">MSLIN.V374.MVY VOR</Line>
        <Line Name="V376">RIC VOR.V376.JIMBE</Line>
        <Line Name="V378">TROYZ.V378.MXE VOR</Line>
        <Line Name="V379">DEALE.V379.ENO VOR</Line>
        <Line Name="V38">RIC VOR.V38.CCV VOR</Line>
        <Line Name="V381">YDF VOR.V381.YAY VOR</Line>
        <Line Name="V382">YDF VOR.V382.YQX VOR</Line>
        <Line Name="V384">YDF VOR.V384.YYT VOR</Line>
        <Line Name="V39">ELIOT.V39.YYR VOR</Line>
        <Line Name="V403">GLOMO.V403.SBJ VOR</Line>
        <Line Name="V405">GLOMO.V405.MVY VOR</Line>
        <Line Name="V408">MERLL.V408.HIKES</Line>
        <Line Name="V417">STOAS.V417.CHS VOR</Line>
        <Line Name="V419">MXE VOR.V419.BRISS</Line>
        <Line Name="V431">REVER.V431.GDM VOR</Line>
        <Line Name="V433">DQO VOR.V433.TRESA</Line>
        <Line Name="V437">PIONN.V437.FLO VOR</Line>
        <Line Name="V44">PALEO.V44.ATHOS</Line>
        <Line Name="V441">MLB VOR.V441.SAV VOR</Line>
        <Line Name="V45">EWN VOR.V45.RDU VOR</Line>
        <Line Name="V457">TOWIN.V457.BWZ VOR</Line>
        <Line Name="V46">DPK VOR.V46.ACK VOR</Line>
        <Line Name="V469">MERLL.V469.OOD VOR</Line>
        <Line Name="V471">BGR VOR.V471.MLT VOR</Line>
        <Line Name="V472">ISO VOR.V472.ECG VOR</Line>
        <Line Name="V479">DQO VOR.V479.ARD VOR</Line>
        <Line Name="V483">DPK VOR.V483.FILPS</Line>
        <Line Name="V487">LGA VOR.V487.CAM VOR</Line>
        <Line Name="V489">COATE.V489.FILPS</Line>
        <Line Name="V492">PHK VOR.V492.MLB VOR</Line>
        <Line Name="V51">PHK VOR.V51.CRG VOR</Line>
        <Line Name="V53">CHS VOR.V53.GRECI</Line>
        <Line Name="V531">PBI VOR.V531.ORL VOR</Line>
        <Line Name="V533">CAMBE.V533.OMN VOR</Line>
        <Line Name="V537">PBI VOR.V537.PRESK</Line>
        <Line Name="V54">RAEFO.V54.ISO VOR</Line>
        <Line Name="V56">LARDS.V56.EWN VOR</Line>
        <Line Name="V577">JIIMS.V577.BRIGS</Line>
        <Line Name="V6">LIZZI.V6.LGA VOR</Line>
        <Line Name="V615">RDU VOR.V615.HPW VOR</Line>
        <Line Name="V623">SAX VOR.V623.CMK VOR</Line>
        <Line Name="V66">MOATS.V66.RDU VOR</Line>
        <Line Name="V70">CRE VOR.V70.CVI VOR</Line>
        <Line Name="V91">SARDI.V91.CIRRU</Line>
        <Line Name="V93">HELON.V93.CTR VOR</Line>
        <Line Name="V99">LGA VOR.V99.HFD VOR</Line>
        <Line Name="W1">VFA VOR.W1.PIREN</Line>
        <Line Name="W10">PIXAR.W10.ASIVO</Line>
        <Line Name="W11">BEREL.W11.PIXAR</Line>
        <Line Name="W13">AKUDA.W13.ALAGU</Line>
        <Line Name="W17">OBITA.W17.BETIR</Line>
        <Line Name="W2">VIS VOR.W2.PRT VOR</Line>
        <Line Name="W20">SGO VOR.W20.POKEG</Line>
        <Line Name="W21">TOLAN.W21.NA NDB</Line>
        <Line Name="W24">SGO VOR.W24.KODIX</Line>
        <Line Name="W26">SGO VOR.W26.PODAK</Line>
        <Line Name="W27">SGO VOR.W27.HB NDB</Line>
        <Line Name="W28">PTA VOR.W28.DA NDB</Line>
        <Line Name="W29">SGO VOR.W29.PIXAR</Line>
        <Line Name="W3">IRKID.W3.SNT VOR</Line>
        <Line Name="W32">DCY VOR.W32.KERSO</Line>
        <Line Name="W37">DCY VOR.W37.ASIVO</Line>
        <Line Name="W38">JUELE.W38.PTA VOR</Line>
        <Line Name="W39">MALVN.W39.SGO VOR</Line>
        <Line Name="W40">PTA VOR.W40.SGO VOR</Line>
        <Line Name="W57">NA NDB.W57.DA NDB</Line>
        <Line Name="W65">EVDIR.W65.NA NDB</Line>
        <Line Name="W7">VFA VOR.W7.FTM VOR</Line>
        <Line Name="W8">LERED.W8.ESP VOR</Line>
        <Line Name="W9">PTA VOR.W9.KERSO</Line>
        <Line Name="Y101">ODEMI.Y101.USALU</Line>
        <Line Name="Y102">XAPAS.Y102.USALU</Line>
        <Line Name="Y103">VFA VOR.Y103.GIMAL</Line>
        <Line Name="Y105">GENRO.Y105.ERTIS</Line>
        <Line Name="Y135">TUPIX.Y135.NAPES</Line>
        <Line Name="Y136">GENRO.Y136.NAPES</Line>
        <Line Name="Y185">ACONY.Y185.MANLE</Line>
        <Line Name="Y190">EL NDB.Y190.VM NDB</Line>
        <Line Name="Y191">RK NDB.Y191.RE NDB</Line>
        <Line Name="Y192">KFV VOR.Y192.TN NDB</Line>
        <Line Name="Y193">EL NDB.Y193.TN NDB</Line>
        <Line Name="Y207">EKMAR.Y207.FTM VOR</Line>
        <Line Name="Y217">ZEUSS.Y217.OCTAL</Line>
        <Line Name="Y25">GETDA.Y25.GILPO</Line>
        <Line Name="Y259">BORDO.Y259.OCTAL</Line>
        <Line Name="Y26">NA NDB.Y26.GONEN</Line>
        <Line Name="Y261">MALVN.Y261.MADIZ</Line>
        <Line Name="Y262">SAXXN.Y262.ZFP VOR</Line>
        <Line Name="Y27">NUKRI.Y27.MA NDB</Line>
        <Line Name="Y280">OCTAL.Y280.ACONY</Line>
        <Line Name="Y289">DULEE.Y289.WAALT</Line>
        <Line Name="Y290">SAXXN.Y290.BEANO</Line>
        <Line Name="Y291">MAJIK.Y291.CHIEZ</Line>
        <Line Name="Y292">MNDEZ.Y292.PANMO</Line>
        <Line Name="Y297">URSUS.Y297.TOVAR</Line>
        <Line Name="Y298">VENDS.Y298.BODLO</Line>
        <Line Name="Y299">GRUBR.Y299.SEELO</Line>
        <Line Name="Y304">VENDS.Y304.SEKAR</Line>
        <Line Name="Y306">VENDS.Y306.POKEG</Line>
        <Line Name="Y307">ENAMO.Y307.JAZZI</Line>
        <Line Name="Y308">MADIZ.Y308.ACONY</Line>
        <Line Name="Y309">PELCN.Y309.FLRDA</Line>
        <Line Name="Y31">DODFO.Y31.KEFOP</Line>
        <Line Name="Y313">HOAGG.Y313.SKARP</Line>
        <Line Name="Y315">MAPEP.Y315.KEEKA</Line>
        <Line Name="Y318">RODRK.Y318.ZWEEK</Line>
        <Line Name="Y319">URSUS.Y319.JAZZI</Line>
        <Line Name="Y323">CARPX.Y323.RROOO</Line>
        <Line Name="Y327">JAINS.Y327.SKARP</Line>
        <Line Name="Y329">ZEUSS.Y329.ZFP VOR</Line>
        <Line Name="Y330">FODED.Y330.HARBG</Line>
        <Line Name="Y34">GETDA.Y34.INPOD</Line>
        <Line Name="Y350">ZQA VOR.Y350.KNSLY</Line>
        <Line Name="Y352">HAGIT.Y352.ZQA VOR</Line>
        <Line Name="Y353">ALBBE.Y353.BAHMA</Line>
        <Line Name="Y355">KOLAO.Y355.NUCAR</Line>
        <Line Name="Y356">DONQU.Y356.IORIO</Line>
        <Line Name="Y37">SIMNI.Y37.NA NDB</Line>
        <Line Name="Y374">ALBBE.Y374.NUCAR</Line>
        <Line Name="Y39">MERAN.Y39.LOMAS</Line>
        <Line Name="Y396">MALVN.Y396.BITAC</Line>
        <Line Name="Y397">SEKAR.Y397.RENAH</Line>
        <Line Name="Y398">SAXXN.Y398.JOSES</Line>
        <Line Name="Y399">SAPPO.Y399.ZQA VOR</Line>
        <Line Name="Y421">HARBG.Y421.OCTAL</Line>
        <Line Name="Y422">GOMER.Y422.BIPET</Line>
        <Line Name="Y436">DEDDY.Y436.JAINS</Line>
        <Line Name="Y438">KOOKK.Y438.TROUT</Line>
        <Line Name="Y439">YAAYA.Y439.SLUKA</Line>
        <Line Name="Y441">JUELE.Y441.ZQA VOR</Line>
        <Line Name="Y443">RUMFO.Y443.BAHMA</Line>
        <Line Name="Y46">KITAP.Y46.ELGAG</Line>
        <Line Name="Y47">BAMAM.Y47.DA NDB</Line>
        <Line Name="Y481">DIXIE.Y481.KINGG</Line>
        <Line Name="Y482">DIXIE.Y482.SQUAD</Line>
        <Line Name="Y483">MARIG.Y483.JFK VOR</Line>
        <Line Name="Y484">OKONU.Y484.JFK VOR</Line>
        <Line Name="Y485">SAUCR.Y485.YAALE</Line>
        <Line Name="Y486">SAVIK.Y486.JFK VOR</Line>
        <Line Name="Y487">SHIPP.Y487.KINGG</Line>
        <Line Name="Y488">SHIPP.Y488.SAUCR</Line>
        <Line Name="Y489">SHIPP.Y489.RESQU</Line>
        <Line Name="Y490">SHIPP.Y490.ROLLE</Line>
        <Line Name="Y492">SHIPP.Y492.SQUAD</Line>
        <Line Name="Y493">VEGAA.Y493.BAHAA</Line>
        <Line Name="Y494">AYCHB.Y494.YAALE</Line>
        <Line Name="Y495">YAALE.Y495.CAMRN</Line>
        <Line Name="Y497">YAALE.Y497.SUBBS</Line>
        <Line Name="Y578">BRUWN.Y578.KAYYT</Line>
        <Line Name="Y585">OMN VOR.Y585.UTAHS</Line>
        <Line Name="Y586">JOSES.Y586.MADIZ</Line>
        <Line Name="Y587">SKIPS.Y587.ROBLL</Line>
        <Line Name="Y588">BROOM.Y588.RENAH</Line>
        <Line Name="Y589">ALBBE.Y589.MADIZ</Line>
        <Line Name="Y601">GUPEL.Y601.LAY VOR</Line>
        <Line Name="Y611">ROSTA.Y611.CABOJ</Line>
        <Line Name="Y642">JITGO.Y642.GRATX</Line>
        <Line Name="Y67">MA NDB.Y67.KEFOP</Line>
        <Line Name="Y68">GONEN.Y68.EVDIR</Line>
        <Line Name="Z180">OXACA.Z180.USIBA</Line>
        <Line Name="Z219">MOMAS.Z219.ELVAR</Line>
        <Line Name="Z220">ABALO.Z220.NIDUL</Line>
        <Line Name="Z222">ALAGU.Z222.ERTIS</Line>
        <Line Name="Z226">INBOM.Z226.PRT VOR</Line>
        <Line Name="Z227">ROSAL.Z227.EXONA</Line>
        <Line Name="Z27">BIPET.Z27.ODEGI</Line>
        <Line Name="Z353">ODEGI.Z353.ROTUM</Line>
        <Line Name="Z406">BEDAL.Z406.GODIV</Line>
        <Line Name="Z409">RAKOD.Z409.ROLDO</Line>
        <Line Name="Z526">HIE NDB.Z526.GDV VOR</Line>
        <Line Name="Z539">ZEUSS.Z539.MIROM</Line>
    </Map>
    <Map Name="Tango Routes" Priority="1" Type="System">
        <Line Name="T13">IDREL/RUPEP/MANOX/LUPOV/NILAV/OMOKO</Line>
        <Line Name="T16">OMOKO/GONAN/EKROL/NAVIX/IDREL</Line>
        <Line Name="T213">BERUX/TAMEL</Line>
        <Line Name="T290">ADVAT/GELPO</Line>
        <Line Name="T9">BEGAS/LASNO</Line>
    </Map>
    <Map Name="Concord Routes" Priority="1" Type="System">
        <Line Name="NATSM">SM15W/SM20W/SM30W/SM40W/SM50W/SM53W/SM60W/SM65W/SM67W</Line>
        <Line Name="NATSN">SN67W/SN65W/SN60W/SN52W/SN50W/SN40W/SN30W/SN20W/SN15W</Line>
        <Line Name="NATSO">SO15W/SO20W/SO30W/SO40W/SO50W/SO52W/SO60W</Line>
        <Line Name="NATSP">SP15W/SP20W/SP45N/SP30W/+38.9752778-035.21472222/SP40W</Line>
    </Map>
</Maps>
