<?xml version="1.0" encoding="UTF-8" standalone="no"?>
<Maps>
    <Map Name="Tango Routes" Priority="1" Type="System">
        <Line Name="T13">IDREL/RUPEP/MANOX/LUPOV/NILAV/OMOKO</Line>
        <Line Name="T16">OMOKO/GONAN/EKROL/NAVIX/IDREL</Line>
        <Line Name="T213">BERUX/TAMEL</Line>
        <Line Name="T290">ADVAT/GELPO</Line>
        <Line Name="T9">BEGAS/LASNO</Line>
    </Map>
    <Map Name="Concord Routes" Priority="1" Type="System">
        <Line Name="NATSM">SM15W/SM20W/SM30W/SM40W/SM50W/SM53W/SM60W/SM65W/SM67W</Line>
        <Line Name="NATSN">SN67W/SN65W/SN60W/SN52W/SN50W/SN40W/SN30W/SN20W/SN15W</Line>
        <Line Name="NATSO">SO15W/SO20W/SO30W/SO40W/SO50W/SO52W/SO60W</Line>
        <Line Name="NATSP">SP15W/SP20W/SP45N/SP30W/+38.9752778-035.21472222/SP40W</Line>
    </Map>
</Maps>
