<?xml version="1.0" encoding="UTF-8" standalone="no"?>
<Maps>
  <Map Type="System" CustomColourName="SpringGreen" Name="All Points" Priority="1" >
      <Symbol LabelOrientation="E" HasLeader="false" Type="HollowSquare"> 
            <Point>SWIMM</Point>
            <Point>TINKY</Point>
            <Point>PEKRE</Point>
            <Point>JAYEE</Point>
            <Point>HODGY</Point>
            <Point>AMBIS</Point>
            <Point>DUNNO</Point>
            <Point>ACMEE</Point>
            <Point>KNSLY</Point>
            <Point>JOSES</Point>
            <Point>EBLER</Point>
            <Point>MEDON</Point>
            <Point>BETUM</Point>
            <Point>PIXAR</Point>
            <Point>BETIR</Point>
            <Point>IBERO</Point>
            <Point>BELDU</Point>
            <Point>CANAR</Point>
            <Point>ADORO</Point>
            <Point>BUSEN</Point>
            <Point>GAIOS</Point>
            <Point>ODPAK</Point>
            <Point>ALAGU</Point>
            <Point>ROSAL</Point>
            <Point>ODEMI</Point>
            <Point>TROIA</Point>
            <Point>XAMAX</Point>
            <Point>MANIK</Point>
            <Point>RELVA</Point>
            <Point>TURON</Point>
            <Point>LOTEE</Point>
            <Point>ELLEE</Point>
            <Point>URSUS</Point>
            <Point>LAMER</Point>
            <Point>RODRK</Point>
            <Point>CERDA</Point>
            <Point>EYSEL</Point>
            <Point>NETTA</Point>
            <Point>TAANA</Point>
            <Point>SEKAR</Point>
            <Point>PISOR</Point>
            <Point>KODIX</Point>
            <Point>RAJAY</Point>
            <Point>PRUNE</Point>
            <Point>HINZY</Point>
            <Point>LEPAS</Point>
            <Point>BOSAR</Point>
            <Point>DONEZ</Point>
            <Point>GEROT</Point>
            <Point>DUKKY</Point>
            <Point>INDEE</Point>
            <Point>GUANA</Point>
            <Point>BTLER</Point>
            <Point>MICAS</Point>
            <Point>EGANN</Point>
            <Point>RATTL</Point>
            <Point>MAYAG</Point>
            <Point>COCBU</Point>
            <Point>SEBUG</Point>
            <Point>KARRN</Point>
            <Point>GRADI</Point>
            <Point>HARDE</Point>
            <Point>IDAHO</Point>
            <Point>ERENA</Point>
            <Point>MAURI</Point>
            <Point>SOLNA</Point>
            <Point>PERMT</Point>
            <Point>RAMJT</Point>
            <Point>STIFF</Point>
            <Point>NUCAR</Point>
            <Point>HOOKY</Point>
            <Point>LOUIZ</Point>
            <Point>SUMRS</Point>
            <Point>NOSOX</Point>
            <Point>BODLO</Point>
            <Point>ROSEA</Point>
            <Point>TERTO</Point>
            <Point>VEDOD</Point>
            <Point>TOVRA</Point>
            <Point>ERMED</Point>
            <Point>IBALU</Point>
            <Point>ZEUSS</Point>
            <Point>ATECA</Point>
            <Point>TAGUX</Point>
            <Point>BIRBA</Point>
            <Point>ELVAR</Point>
            <Point>TURBO</Point>
            <Point>PREDA</Point>
            <Point>ZAPPA</Point>
            <Point>OMIVO</Point>
            <Point>JANUS</Point>
            <Point>VALLY</Point>
            <Point>DEDDY</Point>
            <Point>PITRW</Point>
            <Point>SNNTA</Point>
            <Point>OGGRE</Point>
            <Point>EBEAR</Point>
            <Point>DIZNY</Point>
            <Point>RROOO</Point>
            <Point>HARON</Point>
            <Point>JAINS</Point>
            <Point>BAHAA</Point>
            <Point>HIBAC</Point>
            <Point>PETEE</Point>
            <Point>APOLO</Point>
            <Point>MALET</Point>
            <Point>LENDS</Point>
            <Point>GRUBR</Point>
            <Point>SNABS</Point>
            <Point>SEELO</Point>
            <Point>WAALT</Point>
            <Point>OSTNN</Point>
            <Point>NRRSE</Point>
            <Point>WOLFO</Point>
            <Point>ETECK</Point>
            <Point>PELCN</Point>
            <Point>OZENA</Point>
            <Point>ROWSY</Point>
            <Point>FLRDA</Point>
            <Point>CHIEZ</Point>
            <Point>SAGGY</Point>
            <Point>JRDAN</Point>
            <Point>RAZZL</Point>
            <Point>MAJIK</Point>
            <Point>SKARP</Point>
            <Point>IDOLS</Point>
            <Point>SPOOF</Point>
            <Point>DUUNK</Point>
            <Point>HOAGG</Point>
            <Point>CANIT</Point>
            <Point>BRATZ</Point>
            <Point>OHLAA</Point>
            <Point>COACH</Point>
            <Point>TYCAL</Point>
            <Point>JAZZI</Point>
            <Point>KURAY</Point>
            <Point>MELON</Point>
            <Point>HANKX</Point>
            <Point>BARTS</Point>
            <Point>ANGLL</Point>
            <Point>CASPR</Point>
            <Point>SCOBY</Point>
            <Point>CARPX</Point>
            <Point>ADUCI</Point>
            <Point>FRRAM</Point>
            <Point>KEEKS</Point>
            <Point>GARIC</Point>
            <Point>AMILI</Point>
            <Point>KOOKK</Point>
            <Point>FEMON</Point>
            <Point>JAWSS</Point>
            <Point>TROUT</Point>
            <Point>BITHO</Point>
            <Point>HALSS</Point>
            <Point>HOBEE</Point>
            <Point>OHPEA</Point>
            <Point>TOMMZ</Point>
            <Point>OXANA</Point>
            <Point>BAATT</Point>
            <Point>NAGGI</Point>
            <Point>FUMES</Point>
            <Point>MEYRA</Point>
            <Point>ATLIC</Point>
            <Point>OUTES</Point>
            <Point>ETMEY</Point>
            <Point>DELPP</Point>
            <Point>CUMBY</Point>
            <Point>CROAK</Point>
            <Point>ZIBUT</Point>
            <Point>BIMBO</Point>
            <Point>KEKOS</Point>
            <Point>RAKUN</Point>
            <Point>RULET</Point>
            <Point>NARTA</Point>
            <Point>GANSU</Point>
            <Point>WEBBB</Point>
            <Point>AZEZU</Point>
            <Point>LYNUS</Point>
            <Point>AGUNE</Point>
            <Point>BOJAN</Point>
            <Point>DIAAN</Point>
            <Point>HAPVY</Point>
            <Point>WICKE</Point>
            <Point>JETER</Point>
            <Point>CORNE</Point>
            <Point>DASHA</Point>
            <Point>FISSH</Point>
            <Point>DIRMA</Point>
            <Point>ENAMO</Point>
            <Point>RYDEL</Point>
            <Point>OLGAR</Point>
            <Point>PORTA</Point>
            <Point>TUSUR</Point>
            <Point>IPERA</Point>
            <Point>FOWEE</Point>
            <Point>LUCSS</Point>
            <Point>JERRE</Point>
            <Point>NICKO</Point>
            <Point>OHBEE</Point>
            <Point>MAMML</Point>
            <Point>EXTER</Point>
            <Point>DAAST</Point>
            <Point>LASEE</Point>
            <Point>CLETT</Point>
            <Point>GRATX</Point>
            <Point>BORDO</Point>
            <Point>MENDL</Point>
            <Point>LEEVI</Point>
            <Point>POBIN</Point>
            <Point>RESOR</Point>
            <Point>PISOS</Point>
            <Point>POKEG</Point>
            <Point>MACKI</Point>
            <Point>NOPIT</Point>
            <Point>FDLEE</Point>
            <Point>MYSTR</Point>
            <Point>KNDLL</Point>
            <Point>WATRS</Point>
            <Point>FLINY</Point>
            <Point>HAANA</Point>
            <Point>MRRSH</Point>
            <Point>BNTTZ</Point>
            <Point>JOLTS</Point>
            <Point>DIAZZ</Point>
            <Point>LOGVN</Point>
            <Point>BRRGO</Point>
            <Point>AVNEY</Point>
            <Point>BENIE</Point>
            <Point>OREDE</Point>
            <Point>RAHAM</Point>
            <Point>STRUD</Point>
            <Point>BIKIN</Point>
            <Point>WALIK</Point>
            <Point>KIXAL</Point>
            <Point>ULAMA</Point>
            <Point>DEKAL</Point>
            <Point>WIERS</Point>
            <Point>OYSTA</Point>
            <Point>CAREY</Point>
            <Point>MAJUR</Point>
            <Point>WRECK</Point>
            <Point>SOLEI</Point>
            <Point>TROTR</Point>
            <Point>TOMAZ</Point>
            <Point>BURTZ</Point>
            <Point>GOVET</Point>
            <Point>JUELE</Point>
            <Point>LUVLY</Point>
            <Point>JUNUR</Point>
            <Point>SKIPS</Point>
            <Point>WOOZE</Point>
            <Point>GUAVA</Point>
            <Point>MRLIN</Point>
            <Point>ISAAC</Point>
            <Point>BEECH</Point>
            <Point>BURRL</Point>
            <Point>SEAAN</Point>
            <Point>MUVOD</Point>
            <Point>ANGEE</Point>
            <Point>FORNL</Point>
            <Point>SURFN</Point>
            <Point>JAKEL</Point>
            <Point>TURPS</Point>
            <Point>MIXAE</Point>
            <Point>HALBI</Point>
            <Point>CEGUR</Point>
            <Point>BURBO</Point>
            <Point>BAYRU</Point>
            <Point>KAINS</Point>
            <Point>QEPRO</Point>
            <Point>KUCEP</Point>
            <Point>HEATT</Point>
            <Point>MUNRO</Point>
            <Point>PEACH</Point>
            <Point>SYDNY</Point>
            <Point>LAUTH</Point>
            <Point>RAPPS</Point>
            <Point>ELDER</Point>
            <Point>ADOOR</Point>
            <Point>PADUS</Point>
            <Point>BENZI</Point>
            <Point>JAMAX</Point>
            <Point>MAYKO</Point>
            <Point>BAHMA</Point>
            <Point>GRREG</Point>
            <Point>WOPOP</Point>
            <Point>WLKER</Point>
            <Point>CARAH</Point>
            <Point>SKHOT</Point>
            <Point>MY</Point>
            <Point>ZOLMN</Point>
            <Point>METIL</Point>
            <Point>NASBU</Point>
            <Point>MIKLA</Point>
            <Point>ROSTI</Point>
            <Point>LARUX</Point>
            <Point>CONNY</Point>
            <Point>MAPOR</Point>
            <Point>MALIS</Point>
            <Point>LETON</Point>
            <Point>IORIO</Point>
            <Point>JORGG</Point>
            <Point>DUNED</Point>
            <Point>LERUG</Point>
            <Point>ELMUC</Point>
            <Point>MAPYL</Point>
            <Point>OMALY</Point>
            <Point>BAAGR</Point>
            <Point>AVOXI</Point>
            <Point>ELBOW</Point>
            <Point>INGRA</Point>
            <Point>WELKS</Point>
            <Point>BRONO</Point>
            <Point>JEFRY</Point>
            <Point>DYNAH</Point>
            <Point>TIBUR</Point>
            <Point>ULATU</Point>
            <Point>SAAKO</Point>
            <Point>BOTES</Point>
            <Point>ONGAN</Point>
            <Point>SEPTO</Point>
            <Point>KORAL</Point>
            <Point>SONSO</Point>
            <Point>COUKY</Point>
            <Point>FOLLE</Point>
            <Point>PRRDO</Point>
            <Point>ANGSS</Point>
            <Point>SHOEZ</Point>
            <Point>ALBBE</Point>
            <Point>BEXAL</Point>
            <Point>LIGRA</Point>
            <Point>MAGUM</Point>
            <Point>PINOX</Point>
            <Point>RIVRO</Point>
            <Point>RAPPR</Point>
            <Point>CATHI</Point>
            <Point>LYMIN</Point>
            <Point>UMEGA</Point>
            <Point>OVALU</Point>
            <Point>RUSIK</Point>
            <Point>DEVLA</Point>
            <Point>FAGUT</Point>
            <Point>ORTIS</Point>
            <Point>MIYEC</Point>
            <Point>AMIXI</Point>
            <Point>ASPEX</Point>
            <Point>RODIL</Point>
            <Point>BEKUN</Point>
            <Point>DOKAS</Point>
            <Point>ETROX</Point>
            <Point>GINSU</Point>
            <Point>GOMOS</Point>
            <Point>BAVAS</Point>
            <Point>MIPRU</Point>
            <Point>BANIX</Point>
            <Point>SOMUL</Point>
            <Point>ELBEN</Point>
            <Point>SOLGI</Point>
            <Point>TIMTO</Point>
            <Point>CIDLO</Point>
            <Point>REGLA</Point>
            <Point>DOLER</Point>
            <Point>ANAVA</Point>
            <Point>LADOX</Point>
            <Point>LUKAL</Point>
            <Point>LUKIT</Point>
            <Point>SIPRU</Point>
            <Point>INBOX</Point>
            <Point>INBUL</Point>
            <Point>KOLIT</Point>
            <Point>KOKER</Point>
            <Point>NOTMA</Point>
            <Point>TUMAR</Point>
            <Point>GOPUN</Point>
            <Point>HARTY</Point>
            <Point>COMAL</Point>
            <Point>NEION</Point>
            <Point>HOPCE</Point>
            <Point>BYRDD</Point>
            <Point>LANNA</Point>
            <Point>SQUAM</Point>
            <Point>FRIAR</Point>
            <Point>TOWIN</Point>
            <Point>PARKE</Point>
            <Point>JEFFF</Point>
            <Point>FLOSI</Point>
            <Point>WEETS</Point>
            <Point>ACOVE</Point>
            <Point>NEWEL</Point>
            <Point>CANDR</Point>
            <Point>HOBAM</Point>
            <Point>GAYEL</Point>
            <Point>MSLIN</Point>
            <Point>BELZU</Point>
            <Point>DUFFY</Point>
            <Point>RINGA</Point>
            <Point>RIDAV</Point>
            <Point>ADINO</Point>
            <Point>RAKOD</Point>
            <Point>OLAPO</Point>
            <Point>PEPOD</Point>
            <Point>VAKPO</Point>
            <Point>SUROX</Point>
            <Point>ROLDO</Point>
            <Point>OMERO</Point>
            <Point>URLAM</Point>
            <Point>ILAGA</Point>
            <Point>SINKA</Point>
            <Point>ALRED</Point>
            <Point>ONPAD</Point>
            <Point>BIBAS</Point>
            <Point>LERED</Point>
            <Point>SHRUM</Point>
            <Point>MODIT</Point>
            <Point>RIBON</Point>
            <Point>AMATO</Point>
            <Point>OPAUL</Point>
            <Point>SAULT</Point>
            <Point>KEEKA</Point>
            <Point>OSIDU</Point>
            <Point>KERSO</Point>
            <Point>RIBES</Point>
            <Point>BOROB</Point>
            <Point>MALVN</Point>
            <Point>VESDA</Point>
            <Point>GHANN</Point>
            <Point>FLUPS</Point>
            <Point>GALVN</Point>
            <Point>DUNIG</Point>
            <Point>MEGGG</Point>
            <Point>BRKZZ</Point>
            <Point>KOZIK</Point>
            <Point>FIVZE</Point>
            <Point>PETSO</Point>
            <Point>HELAX</Point>
            <Point>JEFFO</Point>
            <Point>HAGIT</Point>
            <Point>ILIDO</Point>
            <Point>ZZTOP</Point>
            <Point>OMALA</Point>
            <Point>WILYY</Point>
            <Point>KANUX</Point>
            <Point>KASAR</Point>
            <Point>LNHOM</Point>
            <Point>SLUKA</Point>
            <Point>CAROX</Point>
            <Point>NELSR</Point>
            <Point>RNTRY</Point>
            <Point>HARBG</Point>
            <Point>MUNOZ</Point>
            <Point>SAUCR</Point>
            <Point>ONGOT</Point>
            <Point>LSIER</Point>
            <Point>ALOBI</Point>
            <Point>BOREX</Point>
            <Point>DETRE</Point>
            <Point>FARMN</Point>
            <Point>JSTIN</Point>
            <Point>ANTOX</Point>
            <Point>ASIVO</Point>
            <Point>OKONU</Point>
            <Point>ATUGI</Point>
            <Point>GOUGH</Point>
            <Point>PERDO</Point>
            <Point>SAVON</Point>
            <Point>GRAMN</Point>
            <Point>SEBIS</Point>
            <Point>RABAL</Point>
            <Point>LUCTI</Point>
            <Point>SINGL</Point>
            <Point>MNDEZ</Point>
            <Point>ALERI</Point>
            <Point>WOODZ</Point>
            <Point>DONQU</Point>
            <Point>PANMO</Point>
            <Point>SAVIK</Point>
            <Point>SKPPR</Point>
            <Point>BEXUM</Point>
            <Point>TASNI</Point>
            <Point>DUPOX</Point>
            <Point>VESRA</Point>
            <Point>MCOOP</Point>
            <Point>MACOR</Point>
            <Point>KINCH</Point>
            <Point>LENNT</Point>
            <Point>JANMA</Point>
            <Point>MARIG</Point>
            <Point>DARUX</Point>
            <Point>NOSID</Point>
            <Point>EMAKO</Point>
            <Point>VINSO</Point>
            <Point>PRCHA</Point>
            <Point>HANCY</Point>
            <Point>THANK</Point>
            <Point>FRATT</Point>
            <Point>ENAPI</Point>
            <Point>AWSOM</Point>
            <Point>GUICE</Point>
            <Point>GECAL</Point>
            <Point>TALSU</Point>
            <Point>CHEDR</Point>
            <Point>DASER</Point>
            <Point>BOBBO</Point>
            <Point>QRTET</Point>
            <Point>CATZZ</Point>
            <Point>SHEIL</Point>
            <Point>NUBUS</Point>
            <Point>ODUCA</Point>
            <Point>CAFFE</Point>
            <Point>TILED</Point>
            <Point>KINER</Point>
            <Point>BOVIC</Point>
            <Point>FLAMO</Point>
            <Point>LITTL</Point>
            <Point>PIERC</Point>
            <Point>ROOFE</Point>
            <Point>SICKL</Point>
            <Point>DUPAN</Point>
            <Point>QNEPA</Point>
            <Point>YIYYO</Point>
            <Point>KAYYT</Point>
            <Point>OVAPI</Point>
            <Point>ANVER</Point>
            <Point>KURTS</Point>
            <Point>PIREX</Point>
            <Point>TARMO</Point>
            <Point>ZABOR</Point>
            <Point>DAWIN</Point>
            <Point>KRTIS</Point>
            <Point>STAAL</Point>
            <Point>SMTTY</Point>
            <Point>RNDLY</Point>
            <Point>WAROD</Point>
            <Point>MANII</Point>
            <Point>LENUS</Point>
            <Point>SEAVR</Point>
            <Point>RKDIA</Point>
            <Point>LISBO</Point>
            <Point>ERDIK</Point>
            <Point>NOROL</Point>
            <Point>IKBIB</Point>
            <Point>ULBOD</Point>
            <Point>DAJIM</Point>
            <Point>SUSUB</Point>
            <Point>TIGIP</Point>
            <Point>OVIXI</Point>
            <Point>LOLOS</Point>
            <Point>CABEL</Point>
            <Point>ARENA</Point>
            <Point>MEPNI</Point>
            <Point>EMDUN</Point>
            <Point>IRBUX</Point>
            <Point>IRKON</Point>
            <Point>JIBNA</Point>
            <Point>MIVIP</Point>
            <Point>ZWEEK</Point>
            <Point>FERNA</Point>
            <Point>RIKUL</Point>
            <Point>KORAK</Point>
            <Point>INKUR</Point>
            <Point>DIGAN</Point>
            <Point>ENOKU</Point>
            <Point>PELIG</Point>
            <Point>IPSET</Point>
            <Point>ROBOP</Point>
            <Point>MAGEE</Point>
            <Point>LIMKA</Point>
            <Point>ROXER</Point>
            <Point>MASIP</Point>
            <Point>AMAKA</Point>
            <Point>BARDI</Point>
            <Point>VIRST</Point>
            <Point>VEGAA</Point>
            <Point>DRYED</Point>
            <Point>NOVOK</Point>
            <Point>CARAC</Point>
            <Point>INDRO</Point>
            <Point>BGDOG</Point>
            <Point>UKOKA</Point>
            <Point>MUNEY</Point>
            <Point>JEBBY</Point>
            <Point>LOMPI</Point>
            <Point>SNAGY</Point>
            <Point>LEXIM</Point>
            <Point>SELIM</Point>
            <Point>BOBTU</Point>
            <Point>LUNKR</Point>
            <Point>SOORY</Point>
            <Point>MIRIX</Point>
            <Point>BINSU</Point>
            <Point>OXACA</Point>
            <Point>OMESI</Point>
            <Point>ROVAK</Point>
            <Point>GOTOX</Point>
            <Point>XONDA</Point>
            <Point>MAVOS</Point>
            <Point>NETSS</Point>
            <Point>JIMAC</Point>
            <Point>YEPSY</Point>
            <Point>WINGZ</Point>
            <Point>NATHY</Point>
            <Point>SLEMA</Point>
            <Point>ROTHM</Point>
            <Point>CNNOR</Point>
            <Point>ANTIG</Point>
            <Point>NUMBR</Point>
            <Point>BALTN</Point>
            <Point>LAZEY</Point>
            <Point>ZWICK</Point>
            <Point>KFFER</Point>
            <Point>WITOB</Point>
            <Point>ALUTE</Point>
            <Point>MLSAP</Point>
            <Point>MILLE</Point>
            <Point>RUDLI</Point>
            <Point>BALOO</Point>
            <Point>FORST</Point>
            <Point>PAARR</Point>
            <Point>RENAH</Point>
            <Point>CANEE</Point>
            <Point>LFANO</Point>
            <Point>TONEY</Point>
            <Point>COTIL</Point>
            <Point>OTOSI</Point>
            <Point>MEDKO</Point>
            <Point>RETAK</Point>
            <Point>DATUN</Point>
            <Point>PIXES</Point>
            <Point>KOBET</Point>
            <Point>KIREL</Point>
            <Point>OBITA</Point>
            <Point>KATOK</Point>
            <Point>PLING</Point>
            <Point>SOCCO</Point>
            <Point>KAVAX</Point>
            <Point>AMENO</Point>
            <Point>GOVEV</Point>
            <Point>MLLER</Point>
            <Point>ERRCA</Point>
            <Point>WSSKY</Point>
            <Point>ISOLE</Point>
            <Point>MUSSH</Point>
            <Point>AYTTE</Point>
            <Point>CHYLE</Point>
            <Point>SIFEN</Point>
            <Point>PUYYA</Point>
            <Point>ROTUM</Point>
            <Point>LASIB</Point>
            <Point>SANTA</Point>
            <Point>KETLA</Point>
            <Point>H6163</Point>
            <Point>JELCO</Point>
            <Point>FEDDY</Point>
            <Point>EMBOK</Point>
            <Point>IKMAN</Point>
            <Point>BERUS</Point>
            <Point>TEFFO</Point>
            <Point>VITOL</Point>
            <Point>RELIC</Point>
            <Point>CLAVY</Point>
            <Point>KAGLY</Point>
            <Point>MUSVA</Point>
            <Point>AVPUT</Point>
            <Point>NALDI</Point>
            <Point>DUTUM</Point>
            <Point>GAYBL</Point>
            <Point>WHALE</Point>
            <Point>SUPRY</Point>
            <Point>KANNI</Point>
            <Point>BRADD</Point>
            <Point>SCOTS</Point>
            <Point>TUSKY</Point>
            <Point>ALLEX</Point>
            <Point>JOBOC</Point>
            <Point>MIILS</Point>
            <Point>RUBDA</Point>
            <Point>ACADN</Point>
            <Point>EBONY</Point>
            <Point>TOPPS</Point>
            <Point>DANOL</Point>
            <Point>BERGH</Point>
            <Point>PORTI</Point>
            <Point>SAILE</Point>
            <Point>SUTKO</Point>
            <Point>MANTA</Point>
            <Point>OWENZ</Point>
            <Point>LINND</Point>
            <Point>KENDA</Point>
            <Point>BOGMI</Point>
            <Point>LEDGO</Point>
            <Point>OMSAT</Point>
            <Point>NICSO</Point>
            <Point>HULTN</Point>
            <Point>TAGRA</Point>
            <Point>DOVEY</Point>
            <Point>MUSAK</Point>
            <Point>JOOPY</Point>
            <Point>VINSI</Point>
            <Point>IBERG</Point>
            <Point>BANBA</Point>
            <Point>ELSIR</Point>
            <Point>JAROM</Point>
            <Point>LOPRO</Point>
            <Point>BUDAR</Point>
            <Point>BUNED</Point>
            <Point>NEVRI</Point>
            <Point>ABSUN</Point>
            <Point>H5052</Point>
            <Point>SLATN</Point>
            <Point>UMESI</Point>
            <Point>TUDEP</Point>
            <Point>NANSO</Point>
            <Point>RAFIN</Point>
            <Point>SAXAN</Point>
            <Point>BALDA</Point>
            <Point>RIKAL</Point>
            <Point>KJOHN</Point>
            <Point>PELTU</Point>
            <Point>RUBEX</Point>
            <Point>NEEKO</Point>
            <Point>DONIB</Point>
            <Point>MIMKU</Point>
            <Point>PEPRA</Point>
            <Point>MELDI</Point>
            <Point>KASAS</Point>
            <Point>KONBA</Point>
            <Point>LOMSI</Point>
            <Point>KODIK</Point>
            <Point>JANJO</Point>
            <Point>IRLOK</Point>
            <Point>SERBO</Point>
            <Point>LOMDA</Point>
            <Point>BISMU</Point>
            <Point>LARVO</Point>
            <Point>NARBO</Point>
            <Point>KEMUL</Point>
            <Point>CABOJ</Point>
            <Point>REMGI</Point>
            <Point>LOMAS</Point>
            <Point>BRICK</Point>
            <Point>PITAB</Point>
            <Point>DEMOS</Point>
            <Point>KORAV</Point>
            <Point>KORUL</Point>
            <Point>DEREV</Point>
            <Point>GURKA</Point>
            <Point>ELTEP</Point>
            <Point>FORNO</Point>
            <Point>FINAM</Point>
            <Point>INSID</Point>
            <Point>BARKO</Point>
            <Point>DESAT</Point>
            <Point>HOIST</Point>
            <Point>EDUMO</Point>
            <Point>NORED</Point>
            <Point>ROSTA</Point>
            <Point>NELSO</Point>
            <Point>TOSDI</Point>
            <Point>MINTA</Point>
            <Point>OSLEP</Point>
            <Point>NAPES</Point>
            <Point>ONUBA</Point>
            <Point>DELOG</Point>
            <Point>ENNSO</Point>
            <Point>DORYY</Point>
            <Point>LARGE</Point>
            <Point>PENYT</Point>
            <Point>CUDDY</Point>
            <Point>BOKTO</Point>
            <Point>DUVBI</Point>
            <Point>AVUTI</Point>
            <Point>VESMI</Point>
            <Point>ETIBA</Point>
            <Point>BIPET</Point>
            <Point>VASTO</Point>
            <Point>PESAS</Point>
            <Point>ALSOP</Point>
            <Point>TENPA</Point>
            <Point>USOTI</Point>
            <Point>APASO</Point>
            <Point>ORVEK</Point>
            <Point>GOMER</Point>
            <Point>LOMTA</Point>
            <Point>PORLI</Point>
            <Point>RODAP</Point>
            <Point>UREDI</Point>
            <Point>PUCLO</Point>
            <Point>URQUI</Point>
            <Point>RALUS</Point>
            <Point>KUVAN</Point>
            <Point>DEVAR</Point>
            <Point>ATLEN</Point>
            <Point>ISOKA</Point>
            <Point>LIMAL</Point>
            <Point>UDATI</Point>
            <Point>ODEGI</Point>
            <Point>SAMAR</Point>
            <Point>BABOV</Point>
            <Point>URTAK</Point>
            <Point>UDMAR</Point>
            <Point>MCKEE</Point>
            <Point>TOXIT</Point>
            <Point>LAKES</Point>
            <Point>SAVRY</Point>
            <Point>IRBIM</Point>
            <Point>SINGA</Point>
            <Point>RADUN</Point>
            <Point>KLIPS</Point>
            <Point>PEPKI</Point>
            <Point>LOPVI</Point>
            <Point>PIDSO</Point>
            <Point>MUSLO</Point>
            <Point>RODBO</Point>
            <Point>NIFTY</Point>
            <Point>NINOS</Point>
            <Point>ARDID</Point>
            <Point>SEMTO</Point>
            <Point>MAXAR</Point>
            <Point>MIBNO</Point>
            <Point>LIBOR</Point>
            <Point>NELBO</Point>
            <Point>ASDEB</Point>
            <Point>MEGAT</Point>
            <Point>ROTEV</Point>
            <Point>GOTNA</Point>
            <Point>NUMPI</Point>
            <Point>NIMAT</Point>
            <Point>BEPAN</Point>
            <Point>PRANK</Point>
            <Point>BGBRD</Point>
            <Point>HYPAL</Point>
            <Point>TUGGR</Point>
            <Point>KALDA</Point>
            <Point>CYNTA</Point>
            <Point>PUPYY</Point>
            <Point>ZORDO</Point>
            <Point>JAAMS</Point>
            <Point>ALINN</Point>
            <Point>HURTS</Point>
            <Point>PANDY</Point>
            <Point>RAYVO</Point>
            <Point>SESUE</Point>
            <Point>BUMMA</Point>
            <Point>YURCK</Point>
            <Point>LAANA</Point>
            <Point>TINKK</Point>
            <Point>DFENC</Point>
            <Point>OCTAL</Point>
            <Point>LARKE</Point>
            <Point>RUKRR</Point>
            <Point>GEARS</Point>
            <Point>SWNGR</Point>
            <Point>ALXEA</Point>
            <Point>CEELY</Point>
            <Point>SARKY</Point>
            <Point>MARCL</Point>
            <Point>AARNN</Point>
            <Point>RIDDN</Point>
            <Point>PRONI</Point>
            <Point>CUDLE</Point>
            <Point>SUSSA</Point>
            <Point>KTEEE</Point>
            <Point>SAWED</Point>
            <Point>SCOOB</Point>
            <Point>GROKK</Point>
            <Point>RYVRR</Point>
            <Point>SHTGN</Point>
            <Point>BUKYY</Point>
            <Point>BAILZ</Point>
            <Point>GRACO</Point>
            <Point>YERBA</Point>
            <Point>EARZZ</Point>
            <Point>ODAWG</Point>
            <Point>BENCH</Point>
            <Point>KOOKI</Point>
            <Point>PYSTN</Point>
            <Point>CONFR</Point>
            <Point>MGERK</Point>
            <Point>LEEAH</Point>
            <Point>MYRCA</Point>
            <Point>LLUND</Point>
            <Point>FARLE</Point>
            <Point>GANDE</Point>
            <Point>JROSS</Point>
            <Point>PELIE</Point>
            <Point>ELMSZ</Point>
            <Point>RAPZZ</Point>
            <Point>YODAA</Point>
            <Point>HOUKY</Point>
            <Point>TAPPA</Point>
            <Point>HYTRA</Point>
            <Point>BLNTN</Point>
            <Point>NALES</Point>
            <Point>BIGPI</Point>
            <Point>GOSGA</Point>
            <Point>XEGEN</Point>
            <Point>LUKAN</Point>
            <Point>TORVU</Point>
            <Point>DIKUV</Point>
            <Point>PECKY</Point>
            <Point>EPAKA</Point>
            <Point>IRKID</Point>
            <Point>DEMZO</Point>
            <Point>ZJAAY</Point>
            <Point>PAJET</Point>
            <Point>CAANO</Point>
            <Point>TBONN</Point>
            <Point>ZIZZI</Point>
            <Point>YAZUU</Point>
            <Point>TOPRR</Point>
            <Point>EMJAY</Point>
            <Point>SPDEY</Point>
            <Point>RIFLE</Point>
            <Point>HOFFI</Point>
            <Point>ORCHA</Point>
            <Point>ALBOW</Point>
            <Point>GRONC</Point>
            <Point>NESTT</Point>
            <Point>BUZRD</Point>
            <Point>SSOXS</Point>
            <Point>HINTZ</Point>
            <Point>OKNEE</Point>
            <Point>KAATT</Point>
            <Point>MADAT</Point>
            <Point>LIDRO</Point>
            <Point>RIMIV</Point>
            <Point>PEVAP</Point>
            <Point>VERAM</Point>
            <Point>TELMU</Point>
            <Point>BURAG</Point>
            <Point>IRSAN</Point>
            <Point>ILCAT</Point>
            <Point>PELUS</Point>
            <Point>TUXIV</Point>
            <Point>BBOBO</Point>
            <Point>SYFER</Point>
            <Point>DANGR</Point>
            <Point>PYTHN</Point>
            <Point>BESSI</Point>
            <Point>JOEPO</Point>
            <Point>BRAND</Point>
            <Point>LAURN</Point>
            <Point>BAYYS</Point>
            <Point>FOXWD</Point>
            <Point>SKOWL</Point>
            <Point>JAWZZ</Point>
            <Point>LARIE</Point>
            <Point>COSTI</Point>
            <Point>DUNOM</Point>
            <Point>EBKID</Point>
            <Point>MUVOX</Point>
            <Point>BIGRG</Point>
            <Point>PNGWN</Point>
            <Point>HULKK</Point>
            <Point>TISMO</Point>
            <Point>SUTEX</Point>
            <Point>DIRUM</Point>
            <Point>GERVO</Point>
            <Point>TOMTO</Point>
            <Point>TORLU</Point>
            <Point>OSGAR</Point>
            <Point>BABGU</Point>
            <Point>DBABE</Point>
            <Point>BASYE</Point>
            <Point>TRIBS</Point>
            <Point>BIGGO</Point>
            <Point>ISUZO</Point>
            <Point>KONEY</Point>
            <Point>MRPIT</Point>
            <Point>DEEEZ</Point>
            <Point>GUILD</Point>
            <Point>CRPLR</Point>
            <Point>TRPOD</Point>
            <Point>OYVAY</Point>
            <Point>VILLS</Point>
            <Point>WHITE</Point>
            <Point>BROSS</Point>
            <Point>MYFOO</Point>
            <Point>NACYN</Point>
            <Point>BSERK</Point>
            <Point>SPOTZ</Point>
            <Point>ZIMMZ</Point>
            <Point>COPES</Point>
            <Point>CREEL</Point>
            <Point>KYSKY</Point>
            <Point>LIBBE</Point>
            <Point>FLAPE</Point>
            <Point>DEEPO</Point>
            <Point>COATE</Point>
            <Point>DITCH</Point>
            <Point>LUIGI</Point>
            <Point>HNNAH</Point>
            <Point>HOWYU</Point>
            <Point>RADDS</Point>
            <Point>WNSTN</Point>
            <Point>AVALO</Point>
            <Point>BRIGS</Point>
            <Point>HARBO</Point>
            <Point>DRIFT</Point>
            <Point>PLUME</Point>
            <Point>SHERL</Point>
            <Point>DUNEE</Point>
            <Point>SARDI</Point>
            <Point>BOGRT</Point>
            <Point>BLENO</Point>
            <Point>BEEKN</Point>
            <Point>SHAUP</Point>
            <Point>VALCO</Point>
            <Point>COPLY</Point>
            <Point>SCUPP</Point>
            <Point>CANAL</Point>
            <Point>BITRA</Point>
            <Point>PERLU</Point>
            <Point>NWTON</Point>
            <Point>LESWL</Point>
            <Point>KYLOH</Point>
            <Point>ZIGGI</Point>
            <Point>ASHEL</Point>
            <Point>NUTZE</Point>
            <Point>PEETT</Point>
            <Point>DADDS</Point>
            <Point>VIYAP</Point>
            <Point>OLBEC</Point>
            <Point>GURGE</Point>
            <Point>SACRI</Point>
            <Point>STOEN</Point>
            <Point>BIGGY</Point>
            <Point>JERSY</Point>
            <Point>BIZEX</Point>
            <Point>GREKI</Point>
            <Point>NELIE</Point>
            <Point>SWALO</Point>
            <Point>MATLK</Point>
            <Point>STYMY</Point>
            <Point>WAKKO</Point>
            <Point>MJAMS</Point>
            <Point>ETORE</Point>
            <Point>SHRKS</Point>
            <Point>NOTOP</Point>
            <Point>IGTAS</Point>
            <Point>KELNO</Point>
            <Point>MOWND</Point>
            <Point>VIGDU</Point>
            <Point>CANME</Point>
            <Point>AJJAY</Point>
            <Point>SILRO</Point>
            <Point>TIGOR</Point>
            <Point>JEVED</Point>
            <Point>ROYCO</Point>
            <Point>TAALN</Point>
            <Point>WURFL</Point>
            <Point>SASUG</Point>
            <Point>VIGMA</Point>
            <Point>SENVI</Point>
            <Point>LPERD</Point>
            <Point>BEEGE</Point>
            <Point>GIPPL</Point>
            <Point>IGARY</Point>
            <Point>SMPRR</Point>
            <Point>PBCUP</Point>
            <Point>MOXXY</Point>
            <Point>DULBA</Point>
            <Point>IRDUV</Point>
            <Point>IKURO</Point>
            <Point>TUGUB</Point>
            <Point>BEMEK</Point>
            <Point>ITPAX</Point>
            <Point>TIRCO</Point>
            <Point>ONEWY</Point>
            <Point>ZERBO</Point>
            <Point>DUCEN</Point>
            <Point>OVENP</Point>
            <Point>SUSYQ</Point>
            <Point>REDFH</Point>
            <Point>LCAPE</Point>
            <Point>ALWZZ</Point>
            <Point>NOWAE</Point>
            <Point>MANLE</Point>
            <Point>WAKUP</Point>
            <Point>PRMUS</Point>
            <Point>IMAMA</Point>
            <Point>SATIP</Point>
            <Point>MIVAD</Point>
            <Point>EBAYY</Point>
            <Point>DEBRL</Point>
            <Point>KENLL</Point>
            <Point>WOPNR</Point>
            <Point>PUXOP</Point>
            <Point>EMLOB</Point>
            <Point>OMVEV</Point>
            <Point>EBDAD</Point>
            <Point>TOVAR</Point>
            <Point>CAKET</Point>
            <Point>ELLDE</Point>
            <Point>YEASO</Point>
            <Point>PAACK</Point>
            <Point>KOHLS</Point>
            <Point>BYSEL</Point>
            <Point>HEADI</Point>
            <Point>SAILN</Point>
            <Point>NTMEG</Point>
            <Point>VENTE</Point>
            <Point>ASMAR</Point>
            <Point>MRTEE</Point>
            <Point>SAPPO</Point>
            <Point>CONCH</Point>
            <Point>UTAHS</Point>
            <Point>PIBLO</Point>
            <Point>MIROM</Point>
            <Point>SANNS</Point>
            <Point>ZOLLA</Point>
            <Point>UMIMI</Point>
            <Point>COQUI</Point>
            <Point>EVURA</Point>
            <Point>ELDUK</Point>
            <Point>XAPAS</Point>
            <Point>AMSEL</Point>
            <Point>OSLAD</Point>
            <Point>MINBA</Point>
            <Point>ARDAR</Point>
            <Point>BIMOG</Point>
            <Point>JAAWS</Point>
            <Point>ROBLL</Point>
            <Point>BEANO</Point>
            <Point>SAALR</Point>
            <Point>VERMO</Point>
            <Point>AVASO</Point>
            <Point>SOPOP</Point>
            <Point>ARMED</Point>
            <Point>PIXOK</Point>
            <Point>IDREL</Point>
            <Point>RUPEP</Point>
            <Point>MANOX</Point>
            <Point>LUPOV</Point>
            <Point>NILAV</Point>
            <Point>OMOKO</Point>
            <Point>EXODO</Point>
            <Point>NAVIX</Point>
            <Point>EKROL</Point>
            <Point>GONAN</Point>
            <Point>PETRI</Point>
            <Point>FOXAM</Point>
            <Point>MMKAY</Point>
            <Point>SIROC</Point>
            <Point>SAHND</Point>
            <Point>SUUGR</Point>
            <Point>SMYRA</Point>
            <Point>OAKIE</Point>
            <Point>TICCO</Point>
            <Point>INDIA</Point>
            <Point>DIMBY</Point>
            <Point>VALKA</Point>
            <Point>SULTY</Point>
            <Point>WIXED</Point>
            <Point>CLEFF</Point>
            <Point>DURRY</Point>
            <Point>BOBOE</Point>
            <Point>SHANC</Point>
            <Point>TBERT</Point>
            <Point>OHLEE</Point>
            <Point>MRUTT</Point>
            <Point>GUANO</Point>
            <Point>KIZER</Point>
            <Point>EMSEE</Point>
            <Point>DAIYL</Point>
            <Point>AKOJO</Point>
            <Point>CARRA</Point>
            <Point>PRKKS</Point>
            <Point>WEARD</Point>
            <Point>TRESA</Point>
            <Point>STUBY</Point>
            <Point>VEERS</Point>
            <Point>DARTH</Point>
            <Point>BERUX</Point>
            <Point>TAMEL</Point>
            <Point>CAMMO</Point>
            <Point>HELON</Point>
            <Point>SPECL</Point>
            <Point>DEEDE</Point>
            <Point>MOONI</Point>
            <Point>JUDDS</Point>
            <Point>THUMB</Point>
            <Point>ARENE</Point>
            <Point>SALEM</Point>
            <Point>TRAIT</Point>
            <Point>NEWBE</Point>
            <Point>BENNT</Point>
            <Point>MAZIE</Point>
            <Point>TROXL</Point>
            <Point>WAVES</Point>
            <Point>COLIN</Point>
            <Point>SHLBK</Point>
            <Point>QUENS</Point>
            <Point>PRNCZ</Point>
            <Point>GARED</Point>
            <Point>CHOPS</Point>
            <Point>ORETE</Point>
            <Point>HEDGE</Point>
            <Point>RIDGY</Point>
            <Point>CANNY</Point>
            <Point>BRIEF</Point>
            <Point>JIIMS</Point>
            <Point>LEBVE</Point>
            <Point>DIXIE</Point>
            <Point>MOVFA</Point>
            <Point>KEEPM</Point>
            <Point>TRANZ</Point>
            <Point>JAFFY</Point>
            <Point>KEYED</Point>
            <Point>VIKKY</Point>
            <Point>CREAM</Point>
            <Point>FLIBB</Point>
            <Point>YODER</Point>
            <Point>KURTY</Point>
            <Point>YANTC</Point>
            <Point>JEWIT</Point>
            <Point>FOSTY</Point>
            <Point>HEFTY</Point>
            <Point>WOONS</Point>
            <Point>MILIS</Point>
            <Point>PUNGO</Point>
            <Point>HULIP</Point>
            <Point>LENSI</Point>
            <Point>GUNTI</Point>
            <Point>BLATT</Point>
            <Point>EGAKE</Point>
            <Point>NOXSE</Point>
            <Point>FALMA</Point>
            <Point>ADVAT</Point>
            <Point>GELPO</Point>
            <Point>MODEL</Point>
            <Point>FAGED</Point>
            <Point>LOUIE</Point>
            <Point>TUNDR</Point>
            <Point>POORK</Point>
            <Point>KREGG</Point>
            <Point>TALCO</Point>
            <Point>WIGAN</Point>
            <Point>BOWAN</Point>
            <Point>MOBBS</Point>
            <Point>SASHA</Point>
            <Point>MOLDS</Point>
            <Point>WHATE</Point>
            <Point>WARIC</Point>
            <Point>KEYNN</Point>
            <Point>TAPSE</Point>
            <Point>SATAN</Point>
            <Point>BRNNS</Point>
            <Point>RAZZR</Point>
            <Point>NIELD</Point>
            <Point>LAUDS</Point>
            <Point>PRENT</Point>
            <Point>SCOUP</Point>
            <Point>FILPS</Point>
            <Point>ASPOR</Point>
            <Point>BEDAL</Point>
            <Point>CANAN</Point>
            <Point>SHIGY</Point>
            <Point>STELA</Point>
            <Point>TOMES</Point>
            <Point>COBOL</Point>
            <Point>WIPOR</Point>
            <Point>LAFAY</Point>
            <Point>MINNK</Point>
            <Point>IRAKE</Point>
            <Point>ZAGGY</Point>
            <Point>EDTAJ</Point>
            <Point>PSALM</Point>
            <Point>DEEMS</Point>
            <Point>OUTLA</Point>
            <Point>FATOM</Point>
            <Point>JAMIE</Point>
            <Point>MAGGO</Point>
            <Point>PEAPS</Point>
            <Point>ANABL</Point>
            <Point>HOWIE</Point>
            <Point>CRESI</Point>
            <Point>BELTT</Point>
            <Point>YODEL</Point>
            <Point>WEGOT</Point>
            <Point>DVANY</Point>
            <Point>GRAYM</Point>
            <Point>GRIPE</Point>
            <Point>BOSOX</Point>
            <Point>WHYBE</Point>
            <Point>PEARS</Point>
            <Point>SUNNS</Point>
            <Point>EWOOD</Point>
            <Point>ARICE</Point>
            <Point>DUNFE</Point>
            <Point>CBEAV</Point>
            <Point>SEWEL</Point>
            <Point>TEBEE</Point>
            <Point>CHAZR</Point>
            <Point>APEER</Point>
            <Point>REESY</Point>
            <Point>FAIDS</Point>
            <Point>PUDGY</Point>
            <Point>LAPEL</Point>
            <Point>JOHNZ</Point>
            <Point>MANCH</Point>
            <Point>KHRIS</Point>
            <Point>RAYMY</Point>
            <Point>YUKES</Point>
            <Point>DUPEY</Point>
            <Point>COSHA</Point>
            <Point>ATWEL</Point>
            <Point>GROUT</Point>
            <Point>DONIL</Point>
            <Point>TUBER</Point>
            <Point>PANZE</Point>
            <Point>PUGGS</Point>
            <Point>EEGOR</Point>
            <Point>MILUM</Point>
            <Point>DWAIN</Point>
            <Point>SEALL</Point>
            <Point>SNIVL</Point>
            <Point>WITNY</Point>
            <Point>SPENO</Point>
            <Point>JAMMA</Point>
            <Point>EBERT</Point>
            <Point>DORIS</Point>
            <Point>BRATS</Point>
            <Point>STRUM</Point>
            <Point>DUBIN</Point>
            <Point>MUGGY</Point>
            <Point>BASUU</Point>
            <Point>CAVDI</Point>
            <Point>DAILY</Point>
            <Point>VAALI</Point>
            <Point>BILIT</Point>
            <Point>EGGRS</Point>
            <Point>JILLI</Point>
            <Point>KOPPY</Point>
            <Point>RICED</Point>
            <Point>BEDYA</Point>
            <Point>SHLEP</Point>
            <Point>BEADS</Point>
            <Point>BOROS</Point>
            <Point>MOGUL</Point>
            <Point>EZIZI</Point>
            <Point>LAFLN</Point>
            <Point>BLARE</Point>
            <Point>MARQI</Point>
            <Point>HOSKR</Point>
            <Point>HIKES</Point>
            <Point>YOJIX</Point>
            <Point>YONMA</Point>
            <Point>ODDEL</Point>
            <Point>DEARY</Point>
            <Point>DIDDY</Point>
            <Point>MARKT</Point>
            <Point>AIRBT</Point>
            <Point>DOWDI</Point>
            <Point>LLNCH</Point>
            <Point>BAIRN</Point>
            <Point>SABOT</Point>
            <Point>CROPY</Point>
            <Point>SEBAG</Point>
            <Point>COBOK</Point>
            <Point>SUBER</Point>
            <Point>STARY</Point>
            <Point>SWANN</Point>
            <Point>GATBY</Point>
            <Point>KERNO</Point>
            <Point>KEVIA</Point>
            <Point>ODESA</Point>
            <Point>HAPPS</Point>
            <Point>FOLEZ</Point>
            <Point>RIPKN</Point>
            <Point>GOLDA</Point>
            <Point>TWANE</Point>
            <Point>AZXEW</Point>
            <Point>JORDN</Point>
            <Point>INNDY</Point>
            <Point>BURDY</Point>
            <Point>HAVNS</Point>
            <Point>GRGIO</Point>
            <Point>LBSTA</Point>
            <Point>CEKAY</Point>
            <Point>SCOGS</Point>
            <Point>MESHL</Point>
            <Point>SAPPE</Point>
            <Point>GAILS</Point>
            <Point>UNKER</Point>
            <Point>MCADM</Point>
            <Point>LBNON</Point>
            <Point>ZIECH</Point>
            <Point>DAVID</Point>
            <Point>BRLIN</Point>
            <Point>JOBBY</Point>
            <Point>WYLIE</Point>
            <Point>NOTTY</Point>
            <Point>LAROE</Point>
            <Point>GRUMP</Point>
            <Point>YECKA</Point>
            <Point>LULOO</Point>
            <Point>RIDNG</Point>
            <Point>ALBEK</Point>
            <Point>INNEZ</Point>
            <Point>JIMEE</Point>
            <Point>FALON</Point>
            <Point>WINKK</Point>
            <Point>PREPI</Point>
            <Point>BERTT</Point>
            <Point>BOPLY</Point>
            <Point>BROUN</Point>
            <Point>HARPS</Point>
            <Point>WOHPY</Point>
            <Point>KELER</Point>
            <Point>TILLS</Point>
            <Point>CASVI</Point>
            <Point>GAMBY</Point>
            <Point>BILLZ</Point>
            <Point>TROPP</Point>
            <Point>GRECI</Point>
            <Point>GABRS</Point>
            <Point>BOJID</Point>
            <Point>BOOCH</Point>
            <Point>SCOOL</Point>
            <Point>DOGGR</Point>
            <Point>GLYDE</Point>
            <Point>FILRO</Point>
            <Point>EYEUP</Point>
            <Point>COHLE</Point>
            <Point>WIMKA</Point>
            <Point>WARUV</Point>
            <Point>GRAVE</Point>
            <Point>GRISY</Point>
            <Point>HURLY</Point>
            <Point>BRONC</Point>
            <Point>LOBBY</Point>
            <Point>SOSYO</Point>
            <Point>REVER</Point>
            <Point>UMETI</Point>
            <Point>KATAH</Point>
            <Point>ACTON</Point>
            <Point>CLAMY</Point>
            <Point>OSSER</Point>
            <Point>NESSI</Point>
            <Point>DENNA</Point>
            <Point>FZOOL</Point>
            <Point>LOVES</Point>
            <Point>PAWLN</Point>
            <Point>WRAPT</Point>
            <Point>PAULO</Point>
            <Point>NUTBY</Point>
            <Point>BEGAS</Point>
            <Point>LASNO</Point>
            <Point>KISBA</Point>
            <Point>GUPEL</Point>
            <Point>NOCUT</Point>
            <Point>OBOLO</Point>
            <Point>FIDEL</Point>
            <Point>SATAR</Point>
            <Point>BYGON</Point>
            <Point>ABALO</Point>
            <Point>OBESA</Point>
            <Point>XANEL</Point>
            <Point>XERES</Point>
            <Point>DETOX</Point>
            <Point>PARAV</Point>
            <Point>IBIDO</Point>
            <Point>BEMEL</Point>
            <Point>KOMUT</Point>
            <Point>TABAX</Point>
            <Point>SIVIR</Point>
            <Point>RIVAK</Point>
            <Point>SEPAL</Point>
            <Point>LAPEX</Point>
            <Point>ETIKI</Point>
            <Point>REGHI</Point>
            <Point>BUNAV</Point>
            <Point>TIVLU</Point>
            <Point>RITUS</Point>
            <Point>PESUL</Point>
            <Point>ABETO</Point>
            <Point>DIGAL</Point>
            <Point>GALPA</Point>
            <Point>VABEM</Point>
            <Point>TUNAV</Point>
            <Point>NASAS</Point>
            <Point>LAMDI</Point>
            <Point>AGADO</Point>
            <Point>UMLER</Point>
            <Point>UMOXA</Point>
            <Point>DEKUS</Point>
            <Point>ABRAT</Point>
            <Point>SULAM</Point>
            <Point>DIMSA</Point>
            <Point>IBLIV</Point>
            <Point>SUNID</Point>
            <Point>AKUDA</Point>
            <Point>OSDIV</Point>
            <Point>KUBIL</Point>
            <Point>LUTAK</Point>
            <Point>MOMAS</Point>
            <Point>ABUPI</Point>
            <Point>MITLA</Point>
            <Point>ABTIR</Point>
            <Point>BENTU</Point>
            <Point>BAROK</Point>
            <Point>SUNES</Point>
            <Point>SOTEX</Point>
            <Point>BABEX</Point>
            <Point>RIPEL</Point>
            <Point>PINEK</Point>
            <Point>DEGUN</Point>
            <Point>GIKAR</Point>
            <Point>OSVOR</Point>
            <Point>ULTEM</Point>
            <Point>TOLAN</Point>
            <Point>ASVID</Point>
            <Point>LUXOV</Point>
            <Point>KAYAK</Point>
            <Point>NASOP</Point>
            <Point>NONRO</Point>
            <Point>SABAG</Point>
            <Point>SOSIT</Point>
            <Point>GETDA</Point>
            <Point>INBAN</Point>
            <Point>LODNO</Point>
            <Point>DEVNU</Point>
            <Point>SUBUD</Point>
            <Point>EDERI</Point>
            <Point>GATBO</Point>
            <Point>KOGAG</Point>
            <Point>DEMBU</Point>
            <Point>KEMOS</Point>
            <Point>MASIK</Point>
            <Point>CHUMA</Point>
            <Point>MAPEP</Point>
            <Point>ROLAR</Point>
            <Point>NEGRI</Point>
            <Point>BATAX</Point>
            <Point>MOSEN</Point>
            <Point>ERPES</Point>
            <Point>PIGOR</Point>
            <Point>NIDUL</Point>
            <Point>ERTIS</Point>
            <Point>INBOM</Point>
            <Point>EXONA</Point>
            <Point>VEDEL</Point>
            <Point>BANAL</Point>
            <Point>DIDIT</Point>
            <Point>MIMBO</Point>
            <Point>NAKOS</Point>
            <Point>PIREN</Point>
            <Point>MARUM</Point>
            <Point>ORSOS</Point>
            <Point>LLIPS</Point>
            <Point>OCNOP</Point>
            <Point>TYBEE</Point>
            <Point>RUBYS</Point>
            <Point>BASSO</Point>
            <Point>HONAP</Point>
            <Point>ROOFS</Point>
            <Point>COTAK</Point>
            <Point>CARNO</Point>
            <Point>WANDO</Point>
            <Point>CUBBY</Point>
            <Point>KIMMY</Point>
            <Point>INLET</Point>
            <Point>PLANN</Point>
            <Point>ASHES</Point>
            <Point>JAYDB</Point>
            <Point>YOAST</Point>
            <Point>WALLO</Point>
            <Point>DRONE</Point>
            <Point>VEGHE</Point>
            <Point>GEEMO</Point>
            <Point>TACKS</Point>
            <Point>UKIEY</Point>
            <Point>CANUV</Point>
            <Point>RUUTH</Point>
            <Point>DAVYS</Point>
            <Point>ENZEW</Point>
            <Point>HOLEY</Point>
            <Point>KORRY</Point>
            <Point>TYKES</Point>
            <Point>MINKS</Point>
            <Point>RENUE</Point>
            <Point>APPLE</Point>
            <Point>TICKL</Point>
            <Point>PROUD</Point>
            <Point>DIALS</Point>
            <Point>FAMMA</Point>
            <Point>CRALY</Point>
            <Point>HAARP</Point>
            <Point>RYMES</Point>
            <Point>NOBBI</Point>
            <Point>CASSH</Point>
            <Point>ATHOS</Point>
            <Point>DUHAM</Point>
            <Point>GURBE</Point>
            <Point>LANHO</Point>
            <Point>DENIL</Point>
            <Point>HOKMU</Point>
            <Point>EYOBI</Point>
            <Point>NERTE</Point>
            <Point>COTUB</Point>
            <Point>WILDS</Point>
            <Point>MOKKA</Point>
            <Point>HICKE</Point>
            <Point>JONAP</Point>
            <Point>CARLI</Point>
            <Point>LAVIE</Point>
            <Point>DELKO</Point>
            <Point>KOBBY</Point>
            <Point>WIDGE</Point>
            <Point>SKALP</Point>
            <Point>PARCH</Point>
            <Point>GARRD</Point>
            <Point>WACKY</Point>
            <Point>ASHWY</Point>
            <Point>JIKUK</Point>
            <Point>YBERA</Point>
            <Point>KYLES</Point>
            <Point>TONNI</Point>
            <Point>WIMPY</Point>
            <Point>EXALT</Point>
            <Point>SILVE</Point>
            <Point>SEEDY</Point>
            <Point>GROGG</Point>
            <Point>CRACO</Point>
            <Point>BRUWN</Point>
            <Point>DUNKK</Point>
            <Point>CELTS</Point>
            <Point>KIBBE</Point>
            <Point>AVONN</Point>
            <Point>COSSY</Point>
            <Point>TATVE</Point>
            <Point>ZUVIV</Point>
            <Point>CFCCJ</Point>
            <Point>SPUDS</Point>
            <Point>MOATS</Point>
            <Point>WIPER</Point>
            <Point>BEXGO</Point>
            <Point>MANGE</Point>
            <Point>MELIA</Point>
            <Point>TROCK</Point>
            <Point>ROWEL</Point>
            <Point>CEGAD</Point>
            <Point>BYRNE</Point>
            <Point>MANWE</Point>
            <Point>JOSCH</Point>
            <Point>WIBID</Point>
            <Point>DUFFI</Point>
            <Point>DALTO</Point>
            <Point>MATOX</Point>
            <Point>VALRE</Point>
            <Point>ZARNA</Point>
            <Point>ATONE</Point>
            <Point>ARKES</Point>
            <Point>NITNY</Point>
            <Point>YIGBO</Point>
            <Point>JUPEM</Point>
            <Point>TBIRD</Point>
            <Point>BIWIK</Point>
            <Point>TPSTR</Point>
            <Point>PRESK</Point>
            <Point>MAMBO</Point>
            <Point>LEESE</Point>
            <Point>SUDOY</Point>
            <Point>CURVY</Point>
            <Point>BAINS</Point>
            <Point>ELUDE</Point>
            <Point>TUTOR</Point>
            <Point>ZUNUX</Point>
            <Point>PEAKE</Point>
            <Point>WEEZE</Point>
            <Point>SEROC</Point>
            <Point>ARMIE</Point>
            <Point>KIRKK</Point>
            <Point>PALEO</Point>
            <Point>POLLA</Point>
            <Point>KIRNS</Point>
            <Point>SACKS</Point>
            <Point>LAMKE</Point>
            <Point>GISTS</Point>
            <Point>MEGEE</Point>
            <Point>EKSEW</Point>
            <Point>SAVVY</Point>
            <Point>NYACK</Point>
            <Point>CARLD</Point>
            <Point>ALGTR</Point>
            <Point>STIKK</Point>
            <Point>DAREZ</Point>
            <Point>RMACK</Point>
            <Point>WAIKS</Point>
            <Point>ZEBUL</Point>
            <Point>EXULE</Point>
            <Point>FEBEL</Point>
            <Point>MONIA</Point>
            <Point>LIBBY</Point>
            <Point>BUNTS</Point>
            <Point>SPERY</Point>
            <Point>AWISA</Point>
            <Point>CHAMS</Point>
            <Point>WYLMS</Point>
            <Point>BILLL</Point>
            <Point>HELNA</Point>
            <Point>ESTER</Point>
            <Point>GUMBE</Point>
            <Point>MAZON</Point>
            <Point>SKIPY</Point>
            <Point>EDJER</Point>
            <Point>WARRD</Point>
            <Point>BONIE</Point>
            <Point>DIRMY</Point>
            <Point>JOELL</Point>
            <Point>PIYIN</Point>
            <Point>SHOTT</Point>
            <Point>TINNI</Point>
            <Point>WEKAS</Point>
            <Point>SHAFF</Point>
            <Point>CRANK</Point>
            <Point>CUSMO</Point>
            <Point>MUGZY</Point>
            <Point>OHDEA</Point>
            <Point>EJIPE</Point>
            <Point>JERYY</Point>
            <Point>METRO</Point>
            <Point>LEMOR</Point>
            <Point>ARMMS</Point>
            <Point>HOPAT</Point>
            <Point>SLYNG</Point>
            <Point>JOKMI</Point>
            <Point>VANER</Point>
            <Point>LINER</Point>
            <Point>PLEXS</Point>
            <Point>KOPPS</Point>
            <Point>COBUS</Point>
            <Point>KOOKE</Point>
            <Point>CLETA</Point>
            <Point>COPEL</Point>
            <Point>GEPKE</Point>
            <Point>OCSIP</Point>
            <Point>NORTN</Point>
            <Point>PAOLA</Point>
            <Point>WORMS</Point>
            <Point>BARBS</Point>
            <Point>ROYES</Point>
            <Point>MATEO</Point>
            <Point>BRADO</Point>
            <Point>HIDAL</Point>
            <Point>FALLZ</Point>
            <Point>HAAYS</Point>
            <Point>ZUNAR</Point>
            <Point>CORET</Point>
            <Point>STEIN</Point>
            <Point>GWYNN</Point>
            <Point>WEMOX</Point>
            <Point>KENIR</Point>
            <Point>LONNI</Point>
            <Point>LIDRE</Point>
            <Point>BLUFI</Point>
            <Point>TOPPR</Point>
            <Point>STOOP</Point>
            <Point>SMERE</Point>
            <Point>RAEFO</Point>
            <Point>LORRY</Point>
            <Point>GANDS</Point>
            <Point>ZUNIT</Point>
            <Point>RAPVY</Point>
            <Point>URRIE</Point>
            <Point>MORGA</Point>
            <Point>SMUGS</Point>
            <Point>WUBUR</Point>
            <Point>MLBSO</Point>
            <Point>FORNI</Point>
            <Point>MIKBE</Point>
            <Point>VEDRA</Point>
            <Point>TOMDY</Point>
            <Point>REBUS</Point>
            <Point>OWENS</Point>
            <Point>IDEBE</Point>
            <Point>DUNGY</Point>
            <Point>TOWEY</Point>
            <Point>ESTMA</Point>
            <Point>STEMM</Point>
            <Point>YITUP</Point>
            <Point>OXFRD</Point>
            <Point>MERLL</Point>
            <Point>GLOMO</Point>
            <Point>FROSE</Point>
            <Point>MUDNE</Point>
            <Point>DASDE</Point>
            <Point>HARRS</Point>
            <Point>RACEY</Point>
            <Point>SORRY</Point>
            <Point>YALER</Point>
            <Point>BBPVK</Point>
            <Point>KESTI</Point>
            <Point>ANCOR</Point>
            <Point>IKBUN</Point>
            <Point>DEWIR</Point>
            <Point>ZATMI</Point>
            <Point>SUFOK</Point>
            <Point>CARVL</Point>
            <Point>VOLLU</Point>
            <Point>MICAL</Point>
            <Point>BETHA</Point>
            <Point>EPICS</Point>
            <Point>DEGAY</Point>
            <Point>BEUGA</Point>
            <Point>PEGBY</Point>
            <Point>JIMBE</Point>
            <Point>TROYZ</Point>
            <Point>NUGGY</Point>
            <Point>DEALE</Point>
            <Point>NEMAN</Point>
            <Point>JUDLU</Point>
            <Point>TERKS</Point>
            <Point>ELIOT</Point>
            <Point>WANVA</Point>
            <Point>BREZY</Point>
            <Point>SOARS</Point>
            <Point>LIPVE</Point>
            <Point>RINTH</Point>
            <Point>CROIX</Point>
            <Point>DIRPE</Point>
            <Point>STOAS</Point>
            <Point>CUBER</Point>
            <Point>BRISS</Point>
            <Point>STEFE</Point>
            <Point>SOMTO</Point>
            <Point>MERSR</Point>
            <Point>KILMA</Point>
            <Point>GRITY</Point>
            <Point>DUNBO</Point>
            <Point>WRENN</Point>
            <Point>PRENO</Point>
            <Point>ZONKO</Point>
            <Point>PIONN</Point>
            <Point>BRIKL</Point>
            <Point>ENVER</Point>
            <Point>HEDLY</Point>
            <Point>MODOE</Point>
            <Point>AWINY</Point>
            <Point>OVIDO</Point>
            <Point>COKES</Point>
            <Point>JETSO</Point>
            <Point>HOTAR</Point>
            <Point>CATHY</Point>
            <Point>YUHVY</Point>
            <Point>CINBA</Point>
            <Point>NOMAS</Point>
            <Point>TERLY</Point>
            <Point>BAGGY</Point>
            <Point>JACKE</Point>
            <Point>CULAP</Point>
            <Point>GINNE</Point>
            <Point>HERMN</Point>
            <Point>MUGSE</Point>
            <Point>WESEL</Point>
            <Point>FILLI</Point>
            <Point>NUTAL</Point>
            <Point>AGARD</Point>
            <Point>SPEAK</Point>
            <Point>HOGGS</Point>
            <Point>KARRS</Point>
            <Point>CAMRN</Point>
            <Point>SATES</Point>
            <Point>GELAW</Point>
            <Point>CIRSA</Point>
            <Point>CIPDU</Point>
            <Point>CUBDU</Point>
            <Point>WILUN</Point>
            <Point>HOPIM</Point>
            <Point>TILTZ</Point>
            <Point>WADUG</Point>
            <Point>BRADE</Point>
            <Point>WENDI</Point>
            <Point>NOKIY</Point>
            <Point>JUNKI</Point>
            <Point>JUVPO</Point>
            <Point>PAZTA</Point>
            <Point>HOSEP</Point>
            <Point>BERTI</Point>
            <Point>WINAL</Point>
            <Point>WILJR</Point>
            <Point>MENGE</Point>
            <Point>ZIDET</Point>
            <Point>JOHNE</Point>
            <Point>TRUDE</Point>
            <Point>WHELM</Point>
            <Point>CUKPO</Point>
            <Point>YATUR</Point>
            <Point>SHEDS</Point>
            <Point>JODAB</Point>
            <Point>BULLI</Point>
            <Point>ASTOR</Point>
            <Point>BUNDE</Point>
            <Point>CAMBE</Point>
            <Point>LARDS</Point>
            <Point>ROZBO</Point>
            <Point>BEULA</Point>
            <Point>FONPO</Point>
            <Point>KROVE</Point>
            <Point>LIZZI</Point>
            <Point>MABLE</Point>
            <Point>EMPYR</Point>
            <Point>NANCI</Point>
            <Point>ARGAL</Point>
            <Point>MEYER</Point>
            <Point>SEAVY</Point>
            <Point>ESJAY</Point>
            <Point>PINNS</Point>
            <Point>GOLLA</Point>
            <Point>CIRRU</Point>
            <Point>OUTTE</Point>
            <Point>VAGUS</Point>
            <Point>ANNEI</Point>
            <Point>MERIT</Point>
            <Point>VOGIM</Point>
            <Point>BEREL</Point>
            <Point>MARIM</Point>
            <Point>NANSI</Point>
            <Point>PISAB</Point>
            <Point>PODAK</Point>
            <Point>PIRAL</Point>
            <Point>VOGEP</Point>
            <Point>POBON</Point>
            <Point>PORSU</Point>
            <Point>EVDIR</Point>
            <Point>USALU</Point>
            <Point>GIMAL</Point>
            <Point>GENRO</Point>
            <Point>TUPIX</Point>
            <Point>NIRAK</Point>
            <Point>ACONY</Point>
            <Point>DOZGO</Point>
            <Point>CVIKK</Point>
            <Point>VENDS</Point>
            <Point>BEERD</Point>
            <Point>SATOW</Point>
            <Point>OLNOS</Point>
            <Point>MYRAR</Point>
            <Point>SKALM</Point>
            <Point>TERTU</Point>
            <Point>REKNO</Point>
            <Point>LANSO</Point>
            <Point>REKVA</Point>
            <Point>ASKUR</Point>
            <Point>RETUR</Point>
            <Point>EKMAR</Point>
            <Point>ODLIX</Point>
            <Point>FONDS</Point>
            <Point>ADAVA</Point>
            <Point>BAKUG</Point>
            <Point>GILPO</Point>
            <Point>QUODS</Point>
            <Point>OVEDA</Point>
            <Point>KITAP</Point>
            <Point>ELLAL</Point>
            <Point>NUKRI</Point>
            <Point>GONEN</Point>
            <Point>BOOZY</Point>
            <Point>MADIZ</Point>
            <Point>SAXXN</Point>
            <Point>CANVI</Point>
            <Point>ASCOX</Point>
            <Point>AGUMI</Point>
            <Point>SUMAC</Point>
            <Point>RUTOC</Point>
            <Point>CHASO</Point>
            <Point>DULEE</Point>
            <Point>UCRAZ</Point>
            <Point>BITAC</Point>
            <Point>CALTO</Point>
            <Point>ZIBER</Point>
            <Point>YAAYA</Point>
            <Point>FIPEK</Point>
            <Point>WISET</Point>
            <Point>RUMFO</Point>
            <Point>PAAZZ</Point>
            <Point>HOVAX</Point>
            <Point>FODED</Point>
            <Point>GMONI</Point>
            <Point>FEKKO</Point>
            <Point>DODFO</Point>
            <Point>SUBAX</Point>
            <Point>OSWIL</Point>
            <Point>SMILA</Point>
            <Point>TESVO</Point>
            <Point>KEFOP</Point>
            <Point>GEROA</Point>
            <Point>WEXET</Point>
            <Point>WEAKK</Point>
            <Point>CLOWR</Point>
            <Point>PRTHR</Point>
            <Point>PURPE</Point>
            <Point>KOXIN</Point>
            <Point>INPOD</Point>
            <Point>CILEX</Point>
            <Point>UPOKE</Point>
            <Point>KOLAO</Point>
            <Point>FOSAS</Point>
            <Point>SIMNI</Point>
            <Point>WEDER</Point>
            <Point>MERAN</Point>
            <Point>JAGOR</Point>
            <Point>CADGE</Point>
            <Point>KOUGH</Point>
            <Point>JUVEL</Point>
            <Point>ELGAG</Point>
            <Point>BAMAM</Point>
            <Point>EVULO</Point>
            <Point>NAPIB</Point>
            <Point>ASTAN</Point>
            <Point>POPPN</Point>
            <Point>OHRYN</Point>
            <Point>KINGG</Point>
            <Point>SQUAD</Point>
            <Point>ISLES</Point>
            <Point>DUMPR</Point>
            <Point>BLUUU</Point>
            <Point>DOGRS</Point>
            <Point>FATON</Point>
            <Point>SHIPP</Point>
            <Point>YAALE</Point>
            <Point>YETTI</Point>
            <Point>MOUGH</Point>
            <Point>SHAYD</Point>
            <Point>GEDIC</Point>
            <Point>BOUNO</Point>
            <Point>STERN</Point>
            <Point>CHUBY</Point>
            <Point>HOBOH</Point>
            <Point>SILLY</Point>
            <Point>STINK</Point>
            <Point>ICCEY</Point>
            <Point>BEHHR</Point>
            <Point>RESQU</Point>
            <Point>ROLLE</Point>
            <Point>ROBBB</Point>
            <Point>TUBBS</Point>
            <Point>AYCHB</Point>
            <Point>JENKS</Point>
            <Point>WHOOS</Point>
            <Point>OOONN</Point>
            <Point>LEECY</Point>
            <Point>SUBBS</Point>
            <Point>BORQE</Point>
            <Point>JENYY</Point>
            <Point>ATTIK</Point>
            <Point>TILDI</Point>
            <Point>BELAC</Point>
            <Point>COZIE</Point>
            <Point>GAGDD</Point>
            <Point>BROOM</Point>
            <Point>WIVVI</Point>
            <Point>REDSU</Point>
            <Point>RAZPO</Point>
            <Point>OTBIT</Point>
            <Point>BAVKO</Point>
            <Point>ASTOC</Point>
            <Point>AMKOX</Point>
            <Point>EZVIL</Point>
            <Point>RAJAX</Point>
            <Point>BOYNE</Point>
            <Point>USIBA</Point>
            <Point>GODIV</Point>
            <Point>OGERO</Point>
            <Point>ADARA</Point>
		        <Point>ADODO</Point>
		        <Point>ADVAT</Point>
		        <Point>AGORI</Point>
		        <Point>ALLRY</Point>
		        <Point>ATSIX</Point>
		        <Point>AVPUT</Point>
		        <Point>AVUTI</Point>
		        <Point>BALIX</Point>
		        <Point>BEDRA</Point>
		        <Point>BEGAS</Point>
		        <Point>BERUS</Point>
		        <Point>BERUX</Point>
		        <Point>BILTO</Point>
		        <Point>BOBTU</Point>
		        <Point>BOKTO</Point>
		        <Point>BUDAR</Point>
		        <Point>BUNAV</Point>
		        <Point>CLAVY</Point>
		        <Point>CUDDY</Point>
		        <Point>DINIM</Point>
		        <Point>DIXIS</Point>
		        <Point>DOGAL</Point>
		        <Point>DORYY</Point>
		        <Point>ELSIR</Point>
		        <Point>EMBOK</Point>
		        <Point>ENNSO</Point>
		        <Point>ERAKA</Point>
		        <Point>ETARI</Point>
		        <Point>ETIKI</Point>
		        <Point>ETILO</Point>
		        <Point>GELPO</Point>
		        <Point>GOMUP</Point>
		        <Point>GRIBS</Point>
		        <Point>HOIST</Point>
		        <Point>IBERG</Point>
		        <Point>IKMAN</Point>
		        <Point>IRLOK</Point>
		        <Point>JANJO</Point>
		        <Point>JOOPY</Point>
		        <Point>KAGLY</Point>
		        <Point>KETLA</Point>
		        <Point>KODIK</Point>
		        <Point>KOGAD</Point>
		        <Point>LASNO</Point>
		        <Point>LIBOR</Point>
		        <Point>LIMRI</Point>
		        <Point>LOMSI</Point>
		        <Point>LUSEN</Point>
		        <Point>MALOT</Point>
		        <Point>MAXAR</Point>
		        <Point>MELDI</Point>
		        <Point>MIBNO</Point>
		        <Point>MOATT</Point>
		        <Point>MUSAK</Point>
		        <Point>MUSLO</Point>
		        <Point>MUSVA</Point>
		        <Point>NALDI</Point>
		        <Point>NEBIN</Point>
		        <Point>NEEKO</Point>
		        <Point>NICSO</Point>
		        <Point>NIFTY</Point>
		        <Point>OMOKO</Point>
		        <Point>OMSAT</Point>
		        <Point>ORTAV</Point>
		        <Point>PASAS</Point>
		        <Point>PELTU</Point>
		        <Point>PEPKI</Point>
		        <Point>PIDSO</Point>
		        <Point>PIKIL</Point>
		        <Point>PITAX</Point>
		        <Point>PORGY</Point>
		        <Point>PORTI</Point>
		        <Point>PRAWN</Point>
		        <Point>RADUN</Point>
		        <Point>RAFIN</Point>
		        <Point>RATSU</Point>
		        <Point>RELIC</Point>
		        <Point>RESNO</Point>
		        <Point>RIKAL</Point>
		        <Point>RODEL</Point>
		        <Point>SAVRY</Point>
		        <Point>SAXAN</Point>
		        <Point>SEPAL</Point>
		        <Point>SINGA</Point>
		        <Point>SIVIR</Point>
		        <Point>SOMAX</Point>
		        <Point>SUNOT</Point>
		        <Point>SUPRY</Point>
		        <Point>TAMEL</Point>
		        <Point>TOBOR</Point>
		        <Point>TOXIT</Point>
		        <Point>TUDEP</Point>
		        <Point>UMESI</Point>
		        <Point>UMLER</Point>
		        <Point>URTAK</Point>
		        <Point>VENER</Point>
		        <Point>VESMI</Point>
        </Symbol>
  </Map> 	
</Maps>
