<?xml version="1.0" encoding="UTF-8" standalone="no"?>
<Maps>
  <Map Type="System" CustomColourName="SpringGreen" Name="Entry Names" Priority="1" >
    <Label LabelOrientation="E" HasLeader="false"> 
		  <Point>ADARA</Point>
		  <Point>ADODO</Point>
		  <Point>ADVAT</Point>
		  <Point>AGORI</Point>
		  <Point>ALLRY</Point>
		  <Point>ATSIX</Point>
		  <Point>AVPUT</Point>
		  <Point>AVUTI</Point>
		  <Point>BALIX</Point>
		  <Point>BEDRA</Point>
		  <Point>BEGAS</Point>
		  <Point>BERUS</Point>
		  <Point>BERUX</Point>
		  <Point>BILTO</Point>
		  <Point>BOBTU</Point>
		  <Point>BOKTO</Point>
		  <Point>BUDAR</Point>
		  <Point>BUNAV</Point>
		  <Point>CLAVY</Point>
		  <Point>CUDDY</Point>
		  <Point>DINIM</Point>
		  <Point>DIXIS</Point>
		  <Point>DOGAL</Point>
		  <Point>DORYY</Point>
		  <Point>ELSIR</Point>
		  <Point>EMBOK</Point>
		  <Point>ENNSO</Point>
		  <Point>ERAKA</Point>
		  <Point>ETARI</Point>
		  <Point>ETIKI</Point>
		  <Point>ETILO</Point>
		  <Point>GELPO</Point>
		  <Point>GOMUP</Point>
		  <Point>GRIBS</Point>
		  <Point>HOIST</Point>
		  <Point>IBERG</Point>
		  <Point>IKMAN</Point>
		  <Point>IRLOK</Point>
		  <Point>JANJO</Point>
		  <Point>JOOPY</Point>
		  <Point>KAGLY</Point>
		  <Point>KETLA</Point>
		  <Point>KODIK</Point>
		  <Point>KOGAD</Point>
		  <Point>LASNO</Point>
		  <Point>LIBOR</Point>
		  <Point>LIMRI</Point>
		  <Point>LOMSI</Point>
		  <Point>LUSEN</Point>
		  <Point>MALOT</Point>
		  <Point>MAXAR</Point>
		  <Point>MELDI</Point>
		  <Point>MIBNO</Point>
		  <Point>MOATT</Point>
		  <Point>MUSAK</Point>
		  <Point>MUSLO</Point>
		  <Point>MUSVA</Point>
		  <Point>NALDI</Point>
		  <Point>NEBIN</Point>
		  <Point>NEEKO</Point>
		  <Point>NICSO</Point>
		  <Point>NIFTY</Point>
		  <Point>OMOKO</Point>
		  <Point>OMSAT</Point>
		  <Point>ORTAV</Point>
		  <Point>PASAS</Point>
		  <Point>PELTU</Point>
		  <Point>PEPKI</Point>
		  <Point>PIDSO</Point>
		  <Point>PIKIL</Point>
		  <Point>PITAX</Point>
		  <Point>PORGY</Point>
		  <Point>PORTI</Point>
		  <Point>PRAWN</Point>
		  <Point>RADUN</Point>
		  <Point>RAFIN</Point>
		  <Point>RATSU</Point>
		  <Point>RELIC</Point>
		  <Point>RESNO</Point>
		  <Point>RIKAL</Point>
		  <Point>RODEL</Point>
		  <Point>SAVRY</Point>
		  <Point>SAXAN</Point>
		  <Point>SEPAL</Point>
		  <Point>SINGA</Point>
		  <Point>SIVIR</Point>
		  <Point>SOMAX</Point>
		  <Point>SUNOT</Point>
		  <Point>SUPRY</Point>
		  <Point>TAMEL</Point>
		  <Point>TOBOR</Point>
		  <Point>TOXIT</Point>
		  <Point>TUDEP</Point>
		  <Point>UMESI</Point>
		  <Point>UMLER</Point>
		  <Point>URTAK</Point>
		  <Point>VENER</Point>
		  <Point>VESMI</Point>
	  </Label>
  </Map> 	
</Maps>
